0.0622332265262007,0.0614535583199668,0.0018965654345922,5.166855851749477e-05,2.830577258441243e-05,0.91118505305376,2.021036836676016e-06,1.2872272972777878e-06,0.0006618309309351,0.6607961597144355,9.957997420834e-07,7.446128393917234e-07,0.0005005746967922,0.3
0.027462056576706,0.0255744220984939,0.0027513901581648,4.3607597998680153e-05,3.497318677577142e-05,1.0490495099929276,1.7131331666228106e-06,1.019525044134317e-06,0.0006225480993016,0.7944805102966438,7.193110741997354e-07,5.086437955444798e-07,0.0003998803782922,0.3
0.0272299239639223,0.021240860449886,0.0023843695073841,9.31855356326878e-06,4.058436874887736e-05,4.816980325652666,6.540022425475952e-07,8.691733651091055e-08,0.0001305442884249,4.619425982753053,3.038242998632423e-07,3.5114247123240966e-08,0.0001268951743387,0.3
0.0640640872717785,0.0393893642508321,0.002058054287579,5.634087659598636e-05,5.110953658610503e-05,0.7790174144554317,2.0257676455814665e-06,1.4249997420171774e-06,0.0007372223158077,0.6521743492472757,9.867877000262244e-07,7.358622201926686e-07,0.0005404186260359,0.3
0.0989633094240245,0.0989230212911685,0.0027941195526473,1.951522425766487e-05,1.4520240131777605e-05,2.076492745481983,1.3197511742669843e-06,5.312424602054978e-07,0.0003791073028578,1.6330888526851783,5.919519528372632e-07,2.69447302298794e-07,0.0002581920252317,0.3
0.088406070209144,0.0628795818567808,0.0020217777957729,4.620959214286205e-05,4.826968700453355e-05,1.9113879998136567,1.9901385052807724e-06,8.437023461842075e-07,0.0006957409944766,0.9568868128151315,1.0371754165195151e-06,6.763885871790141e-07,0.000533829733368,0.3
0.0220937631957669,0.0212083039422005,0.0024399782009251,1.1658487995891456e-05,4.719439580102664e-05,3.3981587529625457,8.055886564184092e-07,1.7159287211916756e-07,0.0002718142116008,2.83780380938014,3.161242587477439e-07,9.506642931652779e-08,0.0004002225088547,0.3
0.0947751986261099,0.022904137669145,0.002679128350093,3.4691310290974044e-05,9.996899774197697e-06,1.7955268790142205,1.6991520400503375e-06,7.810791940828226e-07,0.000499835870313,0.8813282834551696,7.302983834840687e-07,4.791288963922175e-07,0.0003638834936127,0.3
0.0528937023341519,0.0324274409936161,0.0019385286299755,5.83587705615985e-06,4.1892473376353495e-05,5.6324704640670085,4.650622234534653e-07,3.8751354871207156e-08,6.841134397988224e-05,5.595431880581355,2.5236920815522706e-07,2.133088509500388e-08,0.0001577448512823,0.3
0.0501742146723445,0.0461069730576602,0.0016059039927917,1.2471295279830489e-05,4.271885305182547e-05,4.448180122592035,1.0686884309541066e-06,1.6699503300207519e-07,0.0002707789215346,3.845955167024225,5.696061680984802e-07,1.1451918537679452e-07,0.0001941424178408,0.3
0.046797907920363,0.0291446110986613,0.0019979347439118,1.3644583492513025e-05,2.5634496795475667e-05,3.5547302742045246,1.0347504699505269e-06,2.1436249549034787e-07,0.000259996560359,2.61660061494848,5.209348954414569e-07,1.443562214247978e-07,0.0001989367802799,0.3
0.0340728106025826,0.0218853318387567,0.0026056682730006,5.6841206995601466e-05,4.481041982406245e-05,0.8919547740343796,1.8913890070862064e-06,1.2236335679336852e-06,0.0006255935011781,0.5897298792115307,8.085787721172838e-07,6.076103622134163e-07,0.0004327566610095,0.3
0.0655746487441516,0.0652307137924023,0.0016180634098727,2.247258016332473e-05,2.603126672619647e-05,2.249321222670572,1.5922500407637565e-06,5.598162221428473e-07,0.0004910352177035,1.943620720827632,9.130860618474056e-07,3.713700714026798e-07,0.0003824991484777,0.3
0.0414234049622053,0.037042225571832,0.0029091001749985,1.3544796356414885e-05,2.228238874447481e-05,3.1520186371099728,8.75888217047305e-07,2.1891361783730762e-07,0.0002564668012372,3.109745442013622,4.462483687298906e-07,1.1375672828553463e-07,0.0001721702953522,0.3
0.0225465024810516,0.021108608699176,0.0024123115651585,8.894744008653348e-06,4.242760442575599e-05,4.820236709661188,7.271263975838091e-07,7.536000165031993e-08,0.0001349699744675,3.795748652568512,2.874650482513981e-07,4.8472046094773114e-08,0.0001523439073974,0.3
0.0303266870070555,0.0275508804616129,0.0013664153935638,3.169534130799287e-05,1.7221669089071125e-05,1.558620059226736,1.6715382813896649e-06,8.117603996965749e-07,0.0004948347706258,1.2542568630700373,1.0022341754105265e-06,5.613622957262975e-07,0.0003898510111063,0.3
0.0517799969407205,0.0378068033206359,0.0015138229719508,8.097848722524932e-06,6.3196929221450165e-06,5.019899892690091,8.164441206315112e-07,6.78200879128035e-08,0.0001438771774104,4.622343265771697,3.8583591806394075e-07,3.9841440745394923e-08,0.0001915401609455,0.3
0.0873992339763705,0.0835716813527003,0.0017760541192949,4.6942693259203725e-05,3.83281488475774e-06,1.7229398676901355,2.2975926119236587e-06,1.0826071127883818e-06,0.0006229456335923,0.5814332493501465,9.994306117791054e-07,7.565736810315463e-07,0.0004179335117272,0.3
0.0793821756982214,0.0666798848079856,0.0021463334303539,4.6787257874904825e-05,4.234165163449888e-05,1.951305814541998,1.9138705801485903e-06,7.832508873379848e-07,0.0006916732034495,0.9212271139732148,9.976887996280717e-07,6.556935581794245e-07,0.0005308240619577,0.3
0.0896471572486573,0.0375255499572388,0.0017499766949187,1.0948421758052964e-05,4.548684611713243e-05,4.564130009739107,1.1366587202321042e-06,1.690836823491399e-07,0.0002719926213562,4.155867271599028,5.980028135653322e-07,1.0363552562376647e-07,0.000195213314382,0.3
0.0574324388823552,0.0329570160349824,0.002451397698915,2.9631582538196607e-05,2.502744425055828e-05,1.428524933912384,1.5521186372494549e-06,7.863312662048233e-07,0.0004091256340484,1.3212033574819635,7.721806704937224e-07,4.143328694310778e-07,0.0002883496311997,0.3
0.0515345033691698,0.0477452797284408,0.0015778158471688,2.1942054597287477e-05,4.606084251704692e-05,2.421183624310999,1.532888854520854e-06,5.036368742059089e-07,0.0004546800348141,1.7612338174766249,7.770782958905648e-07,3.458053093635377e-07,0.0003401635783145,0.3
0.0524860944680124,0.024739863559539,0.0026143344076037,8.649079592715915e-06,4.830622055720069e-05,4.492580793760316,7.011380746030614e-07,8.104742901484992e-08,0.0001164644254498,4.211755741917536,3.747173265620855e-07,5.0703630755818335e-08,0.0001250106805926,0.3
0.0456676236913749,0.0291386535780685,0.0019354100332951,3.7337170111447015e-05,5.320785843314428e-05,1.2826402364541347,1.7347942476475896e-06,9.677121662809036e-07,0.0005938217286967,1.1146865164112354,9.407137819881596e-07,5.685441294573584e-07,0.0004616078368219,0.3
0.0776682713888339,0.0346402096392399,0.0025807541883381,2.1777182450357863e-05,1.7718779319446953e-05,2.258734716562286,1.4811105264152646e-06,5.665530149750728e-07,0.0003164971055619,1.9924816307005535,6.817979634006985e-07,2.944628247173714e-07,0.0002312120992577,0.3
0.0866546596555306,0.0740129774766979,0.0017281958276622,5.4345647263738574e-05,3.933700682644279e-05,1.087942693910288,2.372719052675692e-06,1.4887668262695854e-06,0.0007435998621928,0.6434881396984595,1.0431383951580505e-06,7.709417958242844e-07,0.000500622164424,0.3
0.0495116577647955,0.0409169926379746,0.0015831638469731,2.4832778816659176e-05,3.116985728698792e-05,2.372060737869487,1.766160641010363e-06,6.48901174741264e-07,0.0005284590644911,1.4966173727643133,8.236399535999668e-07,4.122204772220873e-07,0.0003645872347579,0.3
0.0661139105811439,0.0415528671480666,0.0016915761886056,4.66592457110638e-05,2.695074376952541e-05,1.048870498876384,2.3086646833941773e-06,1.394499256379366e-06,0.0006840889832474,1.055658527386657,1.1326219172690195e-06,7.221145850200674e-07,0.0004895059345323,0.3
0.0443582266269252,0.0380284891659045,0.0026848436333021,3.876257703957959e-05,3.9832264519125504e-05,1.1995084344996694,1.6469540687132008e-06,9.179541369383054e-07,0.0005489058855926,1.078427212121973,7.784093029763745e-07,4.896263925337715e-07,0.0003715565873015,0.3
0.098280305993448,0.0368805888933885,0.0015582322848711,4.667283755400244e-05,4.207247000799925e-05,1.2824302037309807,2.537907402623806e-06,1.415844347160938e-06,0.0009129479051912,0.9187505928680696,1.1606981642672091e-06,7.652476876029972e-07,0.0006339470483413,0.3
0.0281415467189779,0.0203140787326221,0.0013380828460331,5.801263736952023e-05,2.226257957160213e-05,1.6561090009892272,2.05676390950208e-06,9.532553034296752e-07,0.0006350951033804,0.6196582968789678,1.2081308581840476e-06,9.06361860726543e-07,0.0004974003730197,0.3
0.024977368202587,0.0244176819628532,0.002792010552146,9.981673939147412e-06,7.216876620831597e-06,4.220363735037336,6.782167020564191e-07,8.54540514891062e-08,0.0001527052609515,4.487778994630996,3.278840686436927e-07,4.6184010008304624e-08,0.0001123704788919,0.3
0.0580496368447335,0.0497185704148891,0.0027970793912264,4.049409883277584e-05,4.760389576626955e-05,0.6160878365232438,1.4612239176312402e-06,1.114082744527085e-06,0.0006013557947006,1.0670434267239282,7.611650083108219e-07,4.780006614417486e-07,0.0004279394906172,0.3
0.0814883556654535,0.0276911471526787,0.0016613000830333,1.232317015013598e-05,5.042698082704494e-05,3.916918321708166,1.2372484386732903e-06,2.0408346221906755e-07,0.000317129710226,3.8825758574336833,6.939225567671517e-07,1.3979004501145118e-07,0.0002371171232403,0.3
0.0859916673645222,0.0304394170814904,0.0027252837859508,1.5341534522414938e-05,1.0600328058081289e-05,3.162015501509617,1.2608859615867131e-06,3.244054304540908e-07,0.0002910868736443,2.352485002623397,5.30295930916848e-07,1.729059460815835e-07,0.0001929446343152,0.3
0.0691483062327696,0.0547567451326216,0.001678623337878,3.0013222478810367e-05,2.467002408002921e-05,1.844272386449332,2.035995417080929e-06,8.546967860275163e-07,0.0006295827637161,1.5327037430496668,1.0061825339524723e-06,4.917432738142554e-07,0.0004534182612893,0.3
0.079110552718326,0.0609318516202113,0.00265135601605,5.656208447749381e-05,2.0259974586508504e-05,0.6680906635080401,1.918104304896269e-06,1.439794126642939e-06,0.0006167125976724,0.7938551484060826,8.677260203936576e-07,6.175613508611106e-07,0.0004348747467381,0.3
0.098221692335837,0.0749322851671898,0.0023035139571458,5.462749328006665e-05,4.014656390592347e-05,1.0637678386713068,1.9931095192988742e-06,1.2202917490003797e-06,0.0007419876167914,0.6920050883517821,9.115373329597626e-07,6.657090953121142e-07,0.0005278246482867,0.3
0.0844157369201455,0.0740117375398159,0.0022636076163909,4.998857316158357e-06,4.406928918513923e-05,5.937574357551312,5.459057746492212e-07,3.677244118727527e-08,7.493993353574405e-05,5.918574873976925,2.9549287612433974e-07,1.855335003006109e-08,0.0001576375023194,0.3
0.0967742881755927,0.0873668599066789,0.0029390653743644,5.936677348470552e-05,2.1389403377269427e-05,0.7214048351482196,1.913446931646568e-06,1.3360807086243358e-06,0.0007317931952848,0.5786028639705648,7.405754104285124e-07,5.743412463450931e-07,0.0004830074039918,0.3
0.0434190131086003,0.0298329955282928,0.002519359081656,5.727536372578804e-05,4.271943436888289e-05,0.9358289927214604,1.8842881483774592e-06,1.2021308122044651e-06,0.0005128821549599,0.610285830739267,8.469653003968661e-07,6.327179281259558e-07,0.0003833580809217,0.3
0.0436940124226201,0.0346571608993158,0.0013874409365398,1.0445838071484822e-05,5.267777872639462e-05,4.912158891296375,9.546195825743851e-07,1.0831086166177013e-07,0.0001767607713366,4.062631500767913,5.465302342054512e-07,8.946780157526512e-08,0.0001964412697392,0.3
0.0558773322402264,0.0289457090625503,0.0017997885086644,4.8539454351641485e-05,2.7287038261585315e-05,0.8806941729389929,1.9937785275550925e-06,1.298467328459118e-06,0.000537777711449,0.7289491038286485,9.999383303759772e-07,7.01634583135924e-07,0.0004486020942833,0.3
0.0782696015864308,0.0321949591504216,0.0014816676453036,7.35965531788051e-06,1.5843930474552558e-05,5.565089063114041,1.0270961340348817e-06,6.870135221405213e-08,0.0001615205896248,4.564078227747595,4.6497128121389446e-07,5.0933648368142434e-08,0.0002385428176598,0.3
0.0657320371963373,0.0263955577075581,0.0015350750036491,4.07395847712423e-05,4.322149395992143e-05,1.460527425726713,2.2883480000142024e-06,1.1670865499007245e-06,0.0008165648638217,1.1398250808868522,1.1235017724380596e-06,6.665474392705153e-07,0.0005808902041377,0.3
0.0697227302076281,0.0444601262277252,0.0017986445420837,3.238138242339537e-05,8.259965897280807e-06,1.5450034488022633,1.7978530355506963e-06,8.518909230757875e-07,0.000426813955969,1.399250565944424,9.979539252935664e-07,5.47276739223478e-07,0.0003332977855951,0.3
0.0296365812245545,0.0285187585336356,0.0028369242943877,4.4989293184750375e-05,4.3309916975369146e-05,1.0604337211004111,1.807900744274173e-06,1.1274850577167943e-06,0.0006482907331652,0.8970874666691978,7.598803503123e-07,5.122782151559713e-07,0.0004150063627904,0.3
0.0251002953839646,0.0234738330725298,0.0021953312891702,5.966092662296662e-05,2.7399661513478715e-06,0.9181147683523913,1.8942462940835304e-06,1.2869706673216528e-06,0.0005931551943655,0.6441588281339741,9.92534522844236e-07,7.568671436534231e-07,0.0004257830024141,0.3
0.0693237701036049,0.056254056508531,0.0016417532862575,3.16471603194834e-05,3.865274821270552e-05,1.7262977772522443,2.1126299064454874e-06,9.348084936731194e-07,0.0006573184854664,1.412194736093288,1.0279984381954137e-06,5.314980455193461e-07,0.0004703782128538,0.3
0.0361369002464071,0.0351387418222269,0.0022844768766654,3.21542589058318e-05,2.9546369678678397e-05,1.6002257674499945,1.5557066091455253e-06,7.971337973725027e-07,0.0004627379691909,1.136969699488972,7.56135284046556e-07,4.466377893896463e-07,0.000334404369464,0.3
0.045669397107114,0.02736166052417,0.0022457317312631,6.083603409330353e-06,2.8353510152810937e-05,5.458819978695103,6.013162489931941e-07,4.958934494896596e-08,0.0001026333363634,6.714149068554343,3.0755312983691095e-07,1.4721527497222418e-08,0.0001604677480444,0.3
0.0724729497192887,0.0253361103810977,0.0024823560169375,5.1164159774061664e-05,3.799008120372725e-06,0.6772485144757764,1.6532965938921922e-06,1.1979865628676654e-06,0.000526957797596,0.9292121584110892,9.119262606816148e-07,6.184912463397463e-07,0.0003754087029894,0.3
0.06880339186956,0.0623452688932784,0.0018922808125085,5.832245791044364e-05,5.89695114715948e-05,1.259411352189732,2.330893564836128e-06,1.3344364298201771e-06,0.0007591606497174,0.8690585682993506,1.134834079881526e-06,7.754122353846436e-07,0.0005070929070709,0.3
0.0748710148784017,0.0671315742341677,0.0028767109339245,7.41241256785525e-06,3.927759966029972e-05,5.104543415838857,7.20453047806243e-07,7.795690726799488e-08,0.0001288375074234,4.5733234564402565,3.158210892691077e-07,4.3071886366843134e-08,0.0001256576072377,0.3
0.0663344457413833,0.0557900442185865,0.0017660174334617,2.1571538784421467e-05,4.025011549530891e-05,2.282384109697581,1.5287159081341696e-06,5.155909299460695e-07,0.0003832455972057,1.9970849942807756,8.644242057301343e-07,3.352083065073737e-07,0.0002899271817754,0.3
0.0315430432122905,0.0260946311545032,0.001911916856174,4.111044884462123e-05,9.825253579634424e-06,1.7072269435240506,1.7141136294261084e-06,7.876759960876398e-07,0.0005762787701956,1.040275883168374,9.649600263184085e-07,6.029030177296588e-07,0.0004498898535276,0.3
0.0583131718563608,0.0548944176658713,0.0015875609418185,3.4416661716961286e-05,4.562063630758119e-05,1.564843605744322,2.1566498947430577e-06,1.0310983646760307e-06,0.0006702654301731,1.25101068062969,1.065740260010244e-06,5.931375902827253e-07,0.0004450396121161,0.3
0.0417886158334166,0.0294421047553026,0.0024375317909774,4.812645336868271e-05,5.926297891982245e-05,2.089636087654109,1.8155770905887177e-06,6.680953630355295e-07,0.0004768435959565,0.6839720469028028,8.34079114841614e-07,6.026006330335919e-07,0.0003440228180241,0.3
0.0240157145915359,0.020929071146551,0.0014068611586495,1.2889980836288543e-05,3.602534207340766e-05,4.297346328151189,9.534285093044215e-07,1.371567874303302e-07,0.0002326674355322,3.696877360402399,5.086938710889853e-07,9.661001358066509e-08,0.0001681230509798,0.3
0.0829749729747352,0.0517556721325934,0.0027424471741124,5.903041257102206e-05,3.1225471040459743e-05,1.4610997725243782,1.935939680042542e-06,1.0260418970605364e-06,0.0006660558503337,0.5262152689115235,7.952978287506169e-07,6.170897288058055e-07,0.0004766338927148,0.3
0.0313426052020804,0.0234105606799458,0.0022063835075091,4.052767791269973e-05,1.441533184085217e-05,1.3111206124348305,1.6904565807493588e-06,9.147023559214834e-07,0.000544077814507,1.0970874978445564,8.873977770983347e-07,5.646290265145227e-07,0.0003894383398152,0.3
0.052421012948699,0.034678018372934,0.0028047092394938,5.86482184576662e-05,4.876406055359133e-06,0.4343654196688442,1.533282310025262e-06,1.2676179845241e-06,0.0006936407335497,0.7722678618855827,8.277619775671637e-07,5.91792473324825e-07,0.000489088988931,0.3
0.091217550889249,0.054941117141762,0.0027744104653291,4.025717575913301e-05,4.892046524881937e-06,1.753189772845367,1.7521826951821222e-06,8.124006983209779e-07,0.0005910159637877,0.7125565112745939,7.283349074443959e-07,5.15552448632869e-07,0.0004250474559263,0.3
0.0827765716463951,0.0599891031270527,0.0023472428422683,4.06149696598757e-05,2.470103661162949e-05,1.0424206649506027,1.850050647642059e-06,1.1324826416615808e-06,0.0005974098248257,1.2012137928513524,9.090063588631994e-07,5.522376732911294e-07,0.0004278765275493,0.3
0.0357743502627355,0.0354663959359008,0.0027600770741871,4.8623712822541673e-05,3.6037770096815846e-05,1.2799388188077645,1.7293272560689708e-06,9.806152377258525e-07,0.0006391667554769,0.8451144572130403,7.991808103261317e-07,5.53036908044974e-07,0.0004362082215033,0.3
0.0472702803227807,0.030127372266106,0.0018961091787317,9.802727113505848e-06,1.0356944649837508e-05,4.970768350537574,8.397939920318533e-07,9.676769902430129e-08,0.0001428819643957,4.123845210649411,4.410871904875869e-07,7.311125879728307e-08,0.0001541585569213,0.3
0.0229988200359308,0.0206588669865284,0.0014088950445767,3.6034546101856845e-05,2.4197723222386952e-05,1.7242189169698845,1.6966223162039245e-06,7.669858525141371e-07,0.0005570370877307,1.0194226318616468,9.08898034784648e-07,5.69479157295027e-07,0.0004285010480359,0.3
0.034879225725015,0.0280030550545221,0.0022701572001249,5.8260638922663353e-05,1.9430160795837e-05,0.8863365801800583,1.8823021803118564e-06,1.299275687830161e-06,0.0005945487929009,0.6894942289491658,9.187881873466948e-07,6.881817258959749e-07,0.0004323522510578,0.3
0.0622961784182126,0.0558315032173248,0.0013863866114886,5.970821058265997e-05,1.743649674360472e-05,1.0112351369602224,2.4959191909171453e-06,1.5779800339537e-06,0.000809928670871,0.6338229787841334,1.1891579216347058e-06,8.911901673318718e-07,0.0005973998846613,0.3
0.0348954752963518,0.0299522444842295,0.0015303759329053,3.130146433070759e-05,3.078678240759713e-05,1.465023272198711,1.63233801732848e-06,8.10306096252912e-07,0.0004682263067516,1.493218307463713,9.642653108217685e-07,5.101450715592409e-07,0.0003820002380241,0.3
0.0509849543542949,0.0395387824146233,0.0029290666841695,4.310457489541518e-05,5.516141385820973e-05,1.523508499651837,1.7788933803738697e-06,8.978618641464406e-07,0.0006537853362842,0.8185699828771085,7.27531997174626e-07,5.061550374359227e-07,0.0004398275385694,0.3
0.0345014176957151,0.0290014771744168,0.0026038072332945,6.960781526946165e-06,2.6047883385411804e-05,4.67899117066141,5.832679983586983e-07,6.095781424590426e-08,9.13557093258328e-05,5.463503082041486,3.260602677155021e-07,2.4745426858309058e-08,0.0001499638374113,0.3
0.073294466149038,0.0647259419650003,0.0023391650256289,2.465017444188277e-05,3.7161459865531375e-05,1.7711559788419131,1.4962977214690166e-06,6.552656724553656e-07,0.0004543837252605,1.6554651471697557,7.774528026252523e-07,3.6132164941330434e-07,0.0003464594282473,0.3
0.0322360705392114,0.0313096312685948,0.0029143612211401,2.422727528405658e-05,1.1885162927445163e-05,2.0370015099437024,1.4052546048681164e-06,5.667005548512648e-07,0.0004473249623075,1.770851899598915,6.064792103288092e-07,2.778383057261423e-07,0.0002892646508002,0.3
0.0529157891779695,0.0252098118581495,0.0028035239877015,3.177157958353072e-05,1.11623520167098e-05,0.931799720375091,1.3449407559378893e-06,8.923557183935914e-07,0.0005511534869205,1.265725165381641,7.015541886326006e-07,4.044813852751949e-07,0.0003706370064766,0.3
0.0528148704428019,0.0337644204562469,0.0024938812610467,4.353932192911092e-05,3.4235749098565045e-05,0.8823674176211014,1.7694613612475497e-06,1.1563432195659203e-06,0.0004596784022702,0.8780934263263913,8.534342365524496e-07,5.612380663018786e-07,0.0003210492604956,0.3
0.0553808042505168,0.0372405905230964,0.0023702733371084,5.616666200015473e-05,2.392213668981112e-05,1.8139240515759576,1.931726290806172e-06,8.250821570883006e-07,0.0006181592485596,0.6850799045601108,9.039384762247742e-07,6.566328406827154e-07,0.0004237428443716,0.3
0.0708866713072217,0.0361912735497447,0.001589566588892,3.0001347463130743e-05,1.3718447836316338e-05,1.7867648912757828,1.8126197305199624e-06,7.935313396191696e-07,0.0006347648255435,1.541139617284134,1.021000349044868e-06,5.028736656174306e-07,0.0004934339595716,0.3
0.0663781714223516,0.0303858547035695,0.00244109657779,5.74019572061009e-05,3.338002890151363e-05,0.6252795250922697,1.937454547247201e-06,1.4381904980443918e-06,0.0005255025616186,0.8461244448655244,9.423833293716364e-07,6.332192286953539e-07,0.0003985746864752,0.3
0.0769669866397635,0.0491753545823175,0.0029281699202286,5.100282687459106e-05,3.622764953737095e-05,0.6215587191863121,1.8189697467059723e-06,1.3779395227507473e-06,0.0006895619438806,0.5149008395584865,7.22485446348654e-07,5.599089340593521e-07,0.0004754781296043,0.3
0.0540958147892764,0.0354130445527854,0.0013700517241654,3.3720379067976284e-05,3.5279654190928424e-05,1.841062427196912,2.18819457151405e-06,9.62990511143127e-07,0.0006224118347256,1.3587568682965487,1.0945115005550345e-06,5.994862128507049e-07,0.0004426287747356,0.3
0.0993205764656343,0.0325246050152461,0.0017548599695113,4.196622870742885e-05,1.9150713946142417e-05,1.3780665351965549,2.359447380650192e-06,1.230035176127468e-06,0.0007638465583242,0.994857405091266,1.0979987145140445e-06,6.877260657975029e-07,0.0005076998142027,0.3
0.0298929989785975,0.0246726963703603,0.0020407247874543,2.045023342672229e-05,1.114805814523087e-05,3.2920687219485,1.2922823996593746e-06,2.934919367132079e-07,0.0003923478245837,2.1309362827818825,6.733241011412285e-07,2.578398022216171e-07,0.0002903993840947,0.3
0.0426497184932751,0.0338561514045338,0.0017022561117128,5.613763713736493e-05,2.958565190520486e-05,1.1113291804705865,2.010953695627252e-06,1.23006079898211e-06,0.000560981843752,0.8181479244222765,1.124590981858459e-06,7.846787911439828e-07,0.0004552937487311,0.3
0.0425494175978609,0.0321019172556353,0.0017456979612486,2.8750914965449327e-05,8.433352202431355e-06,1.8686132144496124,1.6093850406760635e-06,7.125710321865003e-07,0.0003906404614067,1.5761862670722655,8.990338863559574e-07,4.5377264458562606e-07,0.0003057894575254,0.3
0.0450882503140348,0.0264210068327117,0.002884560759058,5.9551727306000025e-05,4.0070157450448825e-05,0.0559623031345815,1.4235941676759987e-06,1.388688619723372e-06,0.0007066086575969,0.7621955629055046,8.069706134034796e-07,5.767653830049522e-07,0.0004956609485798,0.3
0.0207417880526826,0.0206328856996226,0.0026412547590407,2.6339656860132956e-05,2.6916660191344536e-05,1.7206563555762644,1.2591259181317271e-06,5.480510467932929e-07,0.0004072127019808,1.3653093353116663,5.921805649414405e-07,3.050581437892324e-07,0.0002779614022364,0.3
0.0677656502436414,0.0615058243743412,0.0015101566439393,1.310830693719657e-05,5.148567452509947e-05,3.790601346281097,1.2950697575860991e-06,2.3664287090272906e-07,0.0003187699730838,3.253125723647857,7.369960817984348e-07,1.7085496268642473e-07,0.0002506245635893,0.3
0.0771940696465555,0.071453696856804,0.0017189754036205,2.052046202923025e-05,3.9001265028111824e-05,2.472942218816059,1.5767634983914006e-06,4.921577709701276e-07,0.0004529294382726,2.317031844664782,8.693598592178763e-07,3.290271147002073e-07,0.0003339245880057,0.3
0.0256740417828927,0.0231590417977087,0.0013643867252295,3.030295876986601e-05,4.884160566635474e-05,1.2589006035771315,1.8957797992972647e-06,1.088113574387687e-06,0.0007384451527396,0.0988352351475756,7.830608403420051e-07,7.497587205084853e-07,0.0007445990448002,0.3
0.0299986335413715,0.0252565088478622,0.0023595304723183,5.005905905316392e-05,2.1812958912344796e-05,0.9966596552125276,1.7729400254342215e-06,1.1600076370413792e-06,0.0004725026005189,0.7116991927141902,8.558749327793003e-07,6.117827878144539e-07,0.0003437087762815,0.3
0.0637217814455507,0.0506814521162624,0.0019059424294589,6.164150344188019e-06,5.586966302623149e-05,5.307254146950102,5.847972493077364e-07,4.5352454973305794e-08,9.06300937591962e-05,5.023368000655125,2.8218416405394135e-07,2.5515101891324773e-08,0.0001657790140815,0.3
0.0412871573835496,0.0378562040033167,0.0027696666249889,2.909105471086249e-05,4.365593532010941e-05,1.7810991320311635,1.542867596115597e-06,7.031638253468963e-07,0.0005067738335402,1.4372203324561588,6.849787266908506e-07,3.673116790633931e-07,0.0003267275962434,0.3
0.0556703530601728,0.0367365580618348,0.0019489985217225,2.1865438832781363e-05,2.731274139437874e-05,2.1324788259834486,1.4232232618244834e-06,5.018675067512838e-07,0.0004058633308571,1.6619844314331536,7.118991191313784e-07,3.15750443313054e-07,0.0003111984526257,0.3
0.0925537176558007,0.0540697916709401,0.0020941747771196,5.168350696170483e-05,4.272235243704375e-05,0.8928639747526058,2.257549696665589e-06,1.502988618427868e-06,0.0008427857946421,0.8869614270153384,1.0443787972991176e-06,6.98096084484846e-07,0.000573787796519,0.3
0.0797706062681546,0.0601441533589836,0.0022451334384914,3.482758366361616e-05,1.958184410685074e-05,1.307824485168818,1.7981943877345703e-06,9.811345867641263e-07,0.0006083428491438,1.207110105184945,9.075460829951632e-07,5.210354128190229e-07,0.0004600649386266,0.3
0.0855393823004793,0.0843821385602543,0.0029043697238915,2.548570737919707e-06,2.792666743716976e-05,3.1408680488307605,6.118395823715487e-07,1.460869101467382e-07,0.0003046441329057,7.342337637498054,9.79674202518348e-07,3.4668714137996086e-08,0.0001492248262459,0.3
0.096458571628612,0.0692463851290934,0.0018993750126692,3.385114592261444e-06,4.124375011180559e-05,1.7190905586576617,1.411560647878846e-06,6.45561275794464e-07,0.000672313252396,5.054287170660949,6.35603923196377e-07,6.371684657575013e-08,0.0002702339050084,0.3
0.086832131123895,0.0665454041422095,0.0025620592530646,1.7924501197591598e-05,3.9887423973954895e-05,2.76924926184338,1.4005695957461324e-06,4.349274101628967e-07,0.0003137581940146,2.381655342652131,6.210127596997122e-07,2.286504681575976e-07,0.0002002749325752,0.3
0.0972291822834941,0.0828714230869663,0.0014158466829918,4.421345758967438e-05,3.816856688940013e-05,1.3204158630505392,2.5395651994190584e-06,1.3380696422269262e-06,0.0006791067390576,0.7819350009002459,1.104093059396036e-06,7.864967554097094e-07,0.0004627423441052,0.3
0.0822439130093787,0.0633548837666937,0.0023206412757516,3.722275912044201e-05,5.834995325423437e-05,1.1563146234076036,1.804882516645065e-06,1.0520935793128348e-06,0.0006056590696057,1.117074965852742,8.914186421433783e-07,5.320808614348526e-07,0.0004477368397723,0.3
0.0696195582054649,0.0635552414701226,0.0014664281425454,5.04876392220584e-05,2.0712216760075625e-05,1.0295364406925194,2.4079515498175456e-06,1.497455141633987e-06,0.0008349445400838,0.7508067271579918,1.1328865754396852e-06,8.3243758295808e-07,0.0005898005539282,0.3
0.0599674027534322,0.058081593069844,0.0023058863505585,5.052349595623959e-05,1.9291639381375192e-05,1.564865699518139,1.911369308997441e-06,9.228696577944128e-07,0.0006396490719316,0.8219000689586875,9.391437063877544e-07,6.415788200110902e-07,0.0004466198827402,0.3
0.0663084667476081,0.0649723981408126,0.0026271234866295,2.85224090712218e-05,1.809570342521585e-05,1.3931124399615282,1.2637281756600802e-06,6.91814452560448e-07,0.0004141008754606,1.5037262038122052,7.325075829522811e-07,3.868771666489518e-07,0.000299627180587,0.3
0.0556245845989789,0.0516342183416753,0.0015223105147899,2.339172549137301e-05,3.572244891124785e-05,2.30876132769596,1.6253483008092663e-06,5.64990914181921e-07,0.0005038929491639,1.800880082549966,8.882167207599458e-07,3.9059148294499626e-07,0.0003641027547244,0.3
0.0804860400702148,0.06318615821047,0.0017051071885593,4.3320061469637e-05,2.739767339131668e-05,1.258645586463399,2.291880411618577e-06,1.3375669880857591e-06,0.000683641501656,1.0330105326915735,1.108601365501887e-06,7.136583452466728e-07,0.0004596665743857,0.3
0.0665493740713659,0.0550504350816525,0.0025135418181534,2.3546821624003667e-05,1.4672573528110542e-05,1.8546880852348249,1.497758047094413e-06,6.18621057239338e-07,0.0003480605772511,2.0393640582024384,7.046594995073657e-07,2.969217263646017e-07,0.0002542837892377,0.3
0.0753930853022456,0.0548680130164314,0.0017786823339984,1.6109092422276756e-05,2.44276994783456e-05,2.936866420498455,1.3147475783370042e-06,3.289551454466477e-07,0.0003317570195636,2.9443475998152637,7.574863741441312e-07,2.1750971130585243e-07,0.0002626658158052,0.3
0.0987118561300151,0.0594859156225952,0.0021175566423248,1.5799095917940615e-05,2.9788699969329816e-05,2.9610532777190777,1.3358163697871866e-06,3.575893033003757e-07,0.0003706545477607,2.424590660841598,6.591900112971995e-07,2.2234600642357242e-07,0.000274928156087,0.3
0.0668095708943782,0.0533124263771103,0.0027743462730619,8.44160778397318e-06,1.925382393660748e-05,5.015947439815804,8.225760035949757e-07,9.503592154123172e-08,0.000133065169798,5.220244729774522,3.6420497017546e-07,3.868672392715439e-08,0.0001290557072215,0.3
0.0894804769561539,0.0722661380997861,0.0018794175955537,2.264244666493537e-05,2.943815673133236e-05,2.3080580812229288,1.605153907781588e-06,5.908050909225048e-07,0.0003599526325959,2.0512181392094173,8.587378803169793e-07,3.552765985170576e-07,0.0002738148781881,0.3
0.05989925663698,0.0516244583414243,0.0025949909115772,5.91325229928018e-05,2.626500159800956e-05,0.8891737911882448,1.921466332717195e-06,1.25321476328864e-06,0.0005854232179972,0.7828369906315317,8.98137042292261e-07,6.437209514976221e-07,0.0004148692874675,0.3
0.0500395744650102,0.0500094321240971,0.0028050435064797,2.2920741222639864e-05,5.027573049978444e-06,1.840190094155861,1.2923481235859787e-06,5.765771729860022e-07,0.0004315822596403,1.812405187114663,6.217778193114852e-07,2.827920800120044e-07,0.0002890302105485,0.3
0.0805915864909447,0.0509282274216816,0.0019250794091364,5.119830249741245e-05,5.541558592190904e-06,1.0534154599230932,2.294762195334557e-06,1.4375541937605015e-06,0.0007469529275199,1.00946379481571,1.0975044395175606e-06,7.031800605600992e-07,0.0005197527599514,0.3
0.0767330495393263,0.0591534055896156,0.0023739620627379,2.609628919781151e-05,5.6215753072494605e-05,1.4230436335629386,1.363616633688817e-06,6.997942604501925e-07,0.0004601807555913,1.544789517180519,7.78686697829712e-07,3.798288879619552e-07,0.0003450726500901,0.3
0.0721977438851127,0.0626601316604304,0.0029784983627256,2.6288262838645427e-05,5.053771376598766e-05,1.693578033294575,1.6072743293704924e-06,7.525702198702153e-07,0.0005233349202792,1.155999610574309,6.111594937470441e-07,3.448971589165807e-07,0.0003367731855376,0.3
0.0787542048373163,0.075177035511577,0.0022799769392186,4.560791286508712e-05,9.445881026221162e-06,0.8134721141030891,1.8134039478105208e-06,1.242932866444129e-06,0.0006568788238084,0.9224910472631634,9.485252537808036e-07,6.192032526931627e-07,0.000501409686963,0.3
0.0785231410609512,0.0635636688481458,0.0021965241932258,3.504011492202602e-05,4.424588186307039e-05,1.059583412462271,1.6168871684054122e-06,9.932234729613054e-07,0.0006186520427473,1.2028962858171868,9.198216799573323e-07,5.309965067936043e-07,0.0004745766213901,0.3
0.0895506722383895,0.0801733824421752,0.0018874963184186,5.954858228466065e-05,1.6836723654788307e-05,1.3770403409554983,2.36655934571693e-06,1.289696545390072e-06,0.0007194628026095,0.8272766430827821,1.1102257743587956e-06,7.710782403878011e-07,0.0005040699370078,0.3
0.0810695753771939,0.073674470172168,0.0026394147177796,2.585354887709312e-05,5.853699910786815e-05,1.8037039561682824,1.5347754635828147e-06,7.091576858447337e-07,0.000403281389856,1.646754135364087,7.086756367414624e-07,3.518105356498672e-07,0.000285976633067,0.3
0.0979011211552409,0.0716989170929099,0.0018684986820697,3.907498831296206e-05,2.506740381687287e-05,1.4293731221639394,2.272070709474567e-06,1.1451371780151655e-06,0.0005785395808238,0.9062193285276182,9.51022172143698e-07,6.175922937747253e-07,0.0003804935898467,0.3
0.0625962891701831,0.052878048818719,0.0013416487276731,4.451357069651171e-05,5.849161857591439e-05,1.274012941552631,2.568640689201968e-06,1.3712068552877605e-06,0.0006245849728287,0.6451683633215579,1.0240569859561128e-06,7.70103803697131e-07,0.0004638880829497,0.3
0.094968063929506,0.0845716749395682,0.0023630254649182,1.8068738643765683e-05,2.1211044599695967e-05,2.622771164778211,1.453385970413694e-06,4.312528880485526e-07,0.0004151359750833,2.419568240240204,6.618996753341915e-07,2.452944007693577e-07,0.0002774062441567,0.3
0.0942058481321279,0.0630361436902192,0.0026247282359896,4.0903806738308336e-05,5.2093941182693885e-05,1.3156992628629096,1.8054311934534947e-06,1.02600750335589e-06,0.0004966208477705,0.7495785414908428,7.777006120329587e-07,5.443925206080623e-07,0.0003670870094448,0.3
0.0505409668838089,0.0500865848151352,0.0024965106426216,4.548118885422813e-05,1.9685319889188494e-05,0.8450209409906728,1.7808838803947097e-06,1.1860661239803267e-06,0.0004574964766284,0.7173180623361894,8.084366911343565e-07,5.739750832834786e-07,0.0003309732506282,0.3
0.077802219648165,0.0542335852805525,0.0019001524295129,4.5837096185451776e-05,1.272288411280965e-05,0.9548765762791775,1.9689028891098798e-06,1.2922290295014484e-06,0.00061046076903,0.960484190413733,1.067260473185424e-06,7.001022677831315e-07,0.0004746638185706,0.3
0.0854566083941316,0.0543309415370229,0.0019811396220851,2.4912020441172512e-05,3.283246418371223e-05,2.087035357178228,1.6603448263405396e-06,6.588636105955604e-07,0.0004885506512114,1.7290571697971184,8.782203934847953e-07,4.112549335070349e-07,0.0003689836953274,0.3
0.0851544461984823,0.0817084572080716,0.0020114435206822,4.764348178206383e-05,9.472804960618642e-06,1.5955646276043969,2.247209963595368e-06,1.1026964326203765e-06,0.0007896143981498,1.0099520758116698,1.0572191356839135e-06,6.75199189602326e-07,0.0005446609198987,0.3
0.0778161110168256,0.0543973831675893,0.001634114917383,3.955569982948801e-05,5.326009542861398e-06,1.3645813153186923,2.257355126900675e-06,1.269583381372046e-06,0.0007394881793257,1.1139835597450851,1.0918465571379026e-06,6.835181523584397e-07,0.000500100348358,0.3
0.0670149499944511,0.064182014762121,0.0026221921481699,3.2833035038278094e-05,3.600329794071266e-05,1.126561659172098,1.3251976422351734e-06,8.14617796419784e-07,0.0004558130932057,1.2989398626943782,7.692253685027721e-07,4.427439945574555e-07,0.0003310295956981,0.3
0.0794079077676633,0.0606307055957735,0.0023698661740558,1.1182648539751586e-05,2.6526550068492196e-05,3.7146233395238446,9.514019998751808e-07,1.7247796714315265e-07,0.0002357777199344,3.355253405741972,5.077609880283344e-07,1.0838470107839585e-07,0.0001786344661364,0.3
0.0683778520792644,0.053322030327538,0.0013723843731103,5.44532378279788e-05,4.618874017771652e-05,1.0449009569098435,2.6071641190223208e-06,1.5577831367275534e-06,0.0007402935952252,0.6562956118354721,1.1780846353091908e-06,8.823409409872407e-07,0.0005019633942301,0.3
0.0784282320165631,0.051546798377405,0.0019763524007131,1.4263451442461762e-05,2.487345034216213e-05,3.451941269722682,1.2320262676526005e-06,2.7351215251699295e-07,0.0002789706320687,3.238708694244991,6.720052632851962e-07,1.643119603872955e-07,0.0001954228621028,0.3
0.0533343788080519,0.0522901102322871,0.0023153198111991,3.1363564929800976e-05,2.103220615723292e-05,1.750756272507484,1.6285649235826889e-06,7.190704204003284e-07,0.0005243315961568,1.1148688344384454,7.597424208345817e-07,4.534782792816203e-07,0.00035635305288,0.3
0.0994500308885175,0.0621732458284573,0.0026759248873645,5.179776260306218e-05,1.982830263012832e-05,1.7242426343221993,1.7510828750687485e-06,8.267363398279284e-07,0.000581718958076,0.5695596599829622,7.953510659807085e-07,6.050701101821265e-07,0.000432842123371,0.3
0.0601576700577651,0.0583796322235486,0.0023743741456077,4.528683487903854e-05,3.136919267343938e-05,0.870836819901363,1.8277538992647391e-06,1.2104312366044487e-06,0.0005522825519145,0.897945363792749,9.110301056842708e-07,5.976243650796564e-07,0.0003920726251675,0.3
0.0567346989966141,0.0507942639557223,0.0020631105390792,4.377457275024992e-05,3.131289117294381e-05,1.3264123138022823,1.882613551960095e-06,1.03046929249955e-06,0.0006665078041057,0.7873496554899977,9.117541828100514e-07,6.403521601399908e-07,0.0004969525781761,0.3
0.0738528514159893,0.0676605117899005,0.0017073766577063,2.8881769079143747e-05,5.776095604440066e-05,1.9232726494259047,2.046468260290352e-06,8.221543965934094e-07,0.000599595344063,1.63559956800357,9.909272313667963e-07,4.972726600491953e-07,0.0004064223805557,0.3
0.0795815028649826,0.0780433325875092,0.0022501517857331,4.5020696082249945e-05,5.841489790922269e-06,0.8764596790453374,1.702921305842212e-06,1.1374334778100596e-06,0.0006908962174548,1.0196504678754974,9.614911007912951e-07,6.033936628717478e-07,0.0005252715300033,0.3
0.0580515855444736,0.0533233450797235,0.0018149294646154,4.856196094870672e-05,5.201165286095974e-05,0.946603137893604,2.267061839785415e-06,1.4253079150380989e-06,0.0006179183207905,0.7303186475895762,1.0005747639005392e-06,7.015190902489036e-07,0.0004464474723872,0.3
0.0860678687123929,0.0628785312799785,0.0018986016964704,3.309117204962577e-05,5.034676893007945e-05,1.6631050345387366,2.106871654303701e-06,1.0174576129294314e-06,0.0005627667486538,1.396810185686405,9.929966991402552e-07,5.410543848952286e-07,0.0003888879596929,0.3
0.0913765416188543,0.0787384596264053,0.0020305774321633,3.4781180492760045e-05,5.090651230251333e-05,1.366989465314827,1.845922409025657e-06,1.0005051584536787e-06,0.0006219125058616,1.221759841021412,9.60411239426212e-07,5.568077205210161e-07,0.0004761370238094,0.3
0.0898543717927786,0.0786473956375542,0.0019848394671711,2.132564941940832e-05,5.730436037321094e-05,2.5681325288803083,1.553939431276768e-06,5.021187350014829e-07,0.0004249844580117,1.975846781642581,8.192337705206926e-07,3.450169056642914e-07,0.0003201377510434,0.3
0.0660927058712183,0.0596542081216679,0.0029623072734119,5.8631690508701306e-05,3.5817536078347226e-05,0.946895490622477,1.8654168014852876e-06,1.221964150698353e-06,0.0007191336171956,0.5248949714580016,7.293707318262141e-07,5.760129287827631e-07,0.0004929952189225,0.3
0.0672019056365478,0.0583333294885245,0.0021901022078597,3.8710848273800005e-05,1.761430847895951e-05,1.4166961849290491,2.042529477581811e-06,1.0685729074188098e-06,0.0007339967825989,1.211059225304462,9.516512222448364e-07,5.49417754464591e-07,0.0004859160774533,0.3
0.0916173894523755,0.0750657713572505,0.0015605366284741,1.7473835955865908e-05,5.414598128190542e-05,2.895499106548125,1.5864131909225489e-06,4.318853542567671e-07,0.0004527902969988,2.4718658792442256,9.006322358142866e-07,2.974153675091952e-07,0.0003375000321146,0.3
0.0595073075002258,0.0529298567809384,0.0024903815326627,1.3124576220155172e-05,4.451447896147936e-05,3.262008255838946,1.0433256860939089e-06,2.2500815125830526e-07,0.0002288675173207,2.8881488148083543,5.274707567135017e-07,1.3598598468160514e-07,0.0001590229410793,0.3
0.0968145383234321,0.0886004545213359,0.0014958680399321,2.5183614429513866e-05,8.19037648841981e-06,2.1486614763456457,1.907328291740292e-06,7.294943322803363e-07,0.0005205735210781,1.6117285875495615,1.009946728200596e-06,4.920152236636695e-07,0.0004201279511421,0.3
0.0697328871857189,0.0503315898933441,0.002664896940774,1.35750820577495e-05,4.098928814615468e-05,3.661732658892362,1.1686805131466606e-06,2.418011564545661e-07,0.0002145142178517,3.1694012888083,5.186948970968913e-07,1.3539278195325932e-07,0.000153277370332,0.3
0.0578533652349676,0.0506645886893901,0.002615931522629,4.911510627717119e-05,4.103871601049133e-05,0.9732944095200788,1.809631867532216e-06,1.1316676166110034e-06,0.0005736958451629,0.8684520548529796,8.524937122690507e-07,5.883940077507407e-07,0.0004028954286022,0.3
0.097461633516901,0.0890634604489218,0.0015312207388201,3.665369343867421e-05,3.719386405043078e-06,1.4514374266981374,2.3829267712132667e-06,1.229978409110055e-06,0.0008371973899745,0.8764952630208795,1.014126426942569e-06,6.849853194953368e-07,0.0005761789275267,0.3
0.0750579578923443,0.063062369499974,0.0029021477102572,3.926727268595386e-05,1.5956620786054853e-05,0.9355744559082246,1.7046480461467338e-06,1.1232853874377125e-06,0.0006216031745039,0.712664632152144,6.921798964936271e-07,4.871614305731002e-07,0.0004312600804585,0.3
0.0693579974177311,0.0550254837397498,0.0026446267133579,4.911002549581768e-05,5.233502507138954e-05,0.7820440656912884,1.8254107050190488e-06,1.3025253714653032e-06,0.000586824984354,0.8751838465730299,8.540922613308148e-07,5.872341170843144e-07,0.0004299329395702,0.3
0.0835246990944588,0.0815382429724049,0.002561868218746,4.867800261401063e-05,4.95322473222908e-05,1.113150572852387,1.89052121966238e-06,1.1763764241634976e-06,0.0005076000026432,0.9083790799219866,8.691667584784739e-07,5.907555960625042e-07,0.0003686773256438,0.3
0.080706260187955,0.0755863270975549,0.0021540452441757,1.939019191394777e-05,2.710518453945488e-05,2.7782547464352216,1.375660864502514e-06,3.931475456767735e-07,0.0004264403298761,2.112440971659977,7.409884760484685e-07,2.874713545639921e-07,0.000322465613551,0.3
0.0634742616697854,0.0580419589092298,0.0019263629781927,4.404172340634567e-05,2.297335673415168e-05,1.07031120563014,1.9341604371381337e-06,1.1412795928244126e-06,0.0006277522306761,0.8243242899720622,9.479938719671856e-07,6.607729868574563e-07,0.0004625592006573,0.3
0.0854268761971354,0.0608652585630125,0.0022580727762869,1.3211274813330855e-05,4.091858347893383e-05,3.4959836813559253,1.2278245347486865e-06,2.5209406822921576e-07,0.0003135890248639,2.921263787742257,5.850651694744946e-07,1.5566601443204314e-07,0.0002284799615773,0.3
0.0661029630575345,0.065995585680319,0.0014650272915213,2.447695461530189e-05,5.826198745140685e-05,2.4155264430314003,1.96434705340814e-06,6.575813674688634e-07,0.0005854373468136,1.8215553973364695,9.805175086824118e-07,4.320607212092154e-07,0.0004221338195679,0.3
0.0776800517626137,0.0544652368213678,0.0014717662481008,4.442383344118965e-05,4.6511409321445407e-05,1.3109973279902996,2.518145713426843e-06,1.395456933875805e-06,0.000820819612506,0.90614587001668,1.1706120363643198e-06,7.79863722820909e-07,0.0005392962513197,0.3
0.0503997135919695,0.0502939707486239,0.0013708538408407,2.5316600706053503e-05,4.488090491930602e-05,2.3730143504070127,1.952405640829356e-06,6.805002704736079e-07,0.0005176035421035,1.9012041042828771,9.990344917633458e-07,4.3196469337759457e-07,0.0003368227925922,0.3
0.0969176453086169,0.060904935470183,0.0028762110926411,2.752561765230332e-05,1.119540894528568e-05,1.2075306036341915,1.4329290880664806e-06,7.912891331292939e-07,0.0005081163482585,1.095601462644608,6.399578526559857e-07,3.746074416241811e-07,0.0003481881265872,0.3
0.085060768363903,0.0619414028223868,0.0019917776502289,5.204907685746544e-05,4.3229427441695946e-05,1.8019179716933371,2.2920524138716114e-06,1.022010632201586e-06,0.0008039642804794,0.9319261141424612,1.0913851965824062e-06,7.205925333742982e-07,0.0005578171942673,0.3
0.0579010176712351,0.05767386784415,0.0015779047504019,2.3795648061253707e-05,4.456801137020144e-05,2.245196610910927,1.633572322747788e-06,5.780849398313134e-07,0.0005111710029308,1.7600923287442212,8.9670213943911e-07,3.9846804128844953e-07,0.0003654724439283,0.3
0.0980192400540525,0.0778069478139588,0.0018374299489078,3.724727324983895e-05,3.626649851434143e-05,1.336449100384525,2.2725424642287693e-06,1.1960653696664637e-06,0.0005998126227629,0.877774935288786,9.428608159748872e-07,6.20040501654758e-07,0.0003605883042261,0.3
0.0634570804616541,0.0565379668407467,0.0021166328685947,4.411132455542422e-05,3.626760805547565e-05,1.2021316182879762,1.881470177765374e-06,1.094287452852751e-06,0.0007061301520956,0.978462815834398,9.276343758137908e-07,5.980639486688766e-07,0.0005071497865281,0.3
0.0684164182973532,0.0673541235271093,0.0026937624377468,2.2245423500146103e-05,2.361764041299638e-05,2.2105969650730817,1.5111313763641629e-06,5.818403735375677e-07,0.0003853322142097,1.8989275719942167,6.494172420916204e-07,2.8859167779339444e-07,0.0002668661930547,0.3
0.0966318525846207,0.0827572129860854,0.0019927064448495,5.5556067908799394e-05,1.85524242844041e-05,1.0003367224095998,2.31726814157638e-06,1.4854422217229805e-06,0.0007964072288361,0.6775979714399534,1.005389211056007e-06,7.222895266051254e-07,0.0005600357211007,0.3
0.0770992439214457,0.065858250053439,0.001958973571834,4.224415807456092e-05,2.3988167725989925e-05,1.093617604391084,2.122608571792969e-06,1.30327851116218e-06,0.0007251283047126,1.1801581760267208,1.0438212477399669e-06,6.187989031841465e-07,0.0005040697724101,0.3
0.0790347908331366,0.0597208818955688,0.0020235882030824,6.351709894806736e-06,6.890105406397249e-06,5.255396480640851,5.919223331116421e-07,5.9163612679034486e-08,9.245049310150906e-05,6.913330077216781,3.831403164177034e-07,1.4650126967872966e-08,0.0001682988623702,0.3
0.0670186673935692,0.0629531565678557,0.0020722278006906,5.783644543688696e-05,9.429762425215222e-06,0.8166230723869166,2.042268384368552e-06,1.4132721338185287e-06,0.0007511420083915,0.8143931783636521,1.0610922757658763e-06,7.356915781180497e-07,0.0005511046804605,0.3
0.0645250938249081,0.0514092284361704,0.0026743216771527,3.627604040034525e-05,2.274798505903476e-05,0.7774174952857246,1.4247112487195177e-06,1.0173180910382974e-06,0.0005176898611484,1.1606811992083503,7.80499743379383e-07,4.745983654632659e-07,0.0003764222602596,0.3
0.0724753756936569,0.0699046303648612,0.0016658521323747,1.7903033369419662e-05,2.087859547760267e-05,2.8258036104421183,1.4905577255164229e-06,4.0131921574775413e-07,0.0004319499227589,2.4134061750035576,8.281476545301251e-07,2.702727929901531e-07,0.0003328136211567,0.3
0.088207568288259,0.0610498090394233,0.0014960661430019,2.5018829898906293e-05,5.208102313926616e-05,2.375925914321735,2.2212681887472923e-06,7.623981120489653e-07,0.0006264632298014,1.6750110677862775,1.035651120828218e-06,4.900343172756781e-07,0.0004404511777996,0.3
0.0674376963863406,0.0586160263392373,0.0021517396971192,3.070497676319716e-05,5.610401631158205e-05,1.5204451478717174,1.6519699499121443e-06,8.269903995563523e-07,0.0005757696173848,1.4226498689490574,8.670867111235381e-07,4.5586328123522396e-07,0.0004095135269653,0.3
0.0608759331302136,0.0575930293198292,0.0029124368739763,3.9527741016881e-05,1.0165738230503283e-05,2.065524196128727,1.6924268303840649e-06,6.723402290267959e-07,0.0006181291576697,0.9076695400802448,7.233773116434813e-07,4.842653919915224e-07,0.0004299883848632,0.3
0.086660789927679,0.079226417736509,0.0022820595028434,8.58646950254858e-06,1.465648674644956e-05,4.9947973058221535,9.168595894170324e-07,9.487178039743998e-08,0.0001843795755574,4.25797897041555,4.429954416540959e-07,6.436020295312935e-08,0.0001520831777486,0.3
0.0655465406706357,0.0524717665266612,0.0017562009452451,2.7130287612821844e-05,4.1462999246906e-05,1.839670758722,1.695831023863595e-06,7.030644748210635e-07,0.0004558013682633,1.593788085083285,9.513508302471484e-07,4.457720571106685e-07,0.0003511425064257,0.3
0.0534090153482159,0.0511838188283099,0.0018140637408669,4.113005327516977e-05,2.273579673255258e-05,1.7029833533965026,1.8363883635317213e-06,8.698428758669504e-07,0.0004963762785689,0.9074408757266542,9.493371296407346e-07,6.135558575859611e-07,0.0004099270261568,0.3
0.069606585870986,0.0612621251838463,0.0022064123433959,3.84662944581048e-05,1.7991742685416765e-05,1.325220803173518,1.787669072616327e-06,9.756716842925838e-07,0.0006550654676665,1.1695684024311244,9.332970379544188e-07,5.490581442954698e-07,0.0004774574498206,0.3
0.0684625104777764,0.0574560628891641,0.0024463203089288,5.8898353071116246e-05,2.5541175141446835e-05,0.6667353430239998,1.9557603521779457e-06,1.4221484374147092e-06,0.0005306323985106,0.9253672690602762,9.49244144447208e-07,6.419691479932136e-07,0.0003990435080662,0.3
0.0926283766378383,0.0910176007062027,0.0021981885039444,3.09720967710642e-05,2.181157789983982e-05,1.4721925207991795,1.7400042137961049e-06,8.855576621847112e-07,0.0006144465592875,1.338343727148737,8.789880485346202e-07,4.780484639366601e-07,0.0004494663280861,0.3
0.0969780179495841,0.0914228919466059,0.0018790032076266,4.113997121349341e-05,3.0951158229397143e-05,1.070822406093966,1.993748239169453e-06,1.1881011714435918e-06,0.0005137188093793,0.7761927028500879,9.621679132325527e-07,6.621824447528249e-07,0.000426641919701,0.3
0.097219765659191,0.0936282682161502,0.001557052663528,5.546478704921365e-05,3.8598917217671625e-05,0.9849923643563796,2.598987295001552e-06,1.6525281656825322e-06,0.0009427522700642,0.7826039573360034,1.198997573801931e-06,8.381574591263225e-07,0.0006551067571464,0.3
0.092183427386453,0.0912205833266394,0.0025957098718641,3.0371251323623968e-05,6.496767718910078e-06,1.4719578637843482,1.6360011002909408e-06,8.722190567932057e-07,0.0004169011748508,1.1813453283996211,7.242226016349822e-07,4.143455747816163e-07,0.000295376606834,0.3
0.0908456513146242,0.0903184493731715,0.0014509669250786,5.9021774392874085e-06,2.8461874374198643e-05,6.64875504359879,1.017934744859939e-06,5.6348491921965754e-08,0.0001640940388529,6.974790876742038,5.720514258309278e-07,2.2259450997684383e-08,0.0002816309763885,0.3
0.0970208769136147,0.0919477577395537,0.0028112932951463,1.209915164528607e-05,5.918800596911901e-05,3.6128575403112335,1.1286998394460304e-06,2.373775248640573e-07,0.0002317879193831,2.564022332569963,4.595716174718404e-07,1.3356483899830796e-07,0.0001600782578217,0.3
0.08832841823006801,0.03445833675974204,0.001951339103860281,3.643584968759313e-05,3.599709571759547e-05,0.3406618270483468,1.5688288111911606e-06,1.3280206943143175e-06,0.000405598137256982,-0.5641006572182382,4.3112079892833905e-07,5.51448768502539e-07,0.00016914771199617434,5.1223453476356105e-06
0.09756410932513028,0.0870411749070243,0.0015426495786156303,2.098911902931717e-05,3.409928449805401e-05,0.9484271509419064,1.0113137658217497e-06,6.467323484377171e-07,0.0002399958094068872,-0.6561367197914162,2.5905756890010815e-07,3.4297634401030446e-07,0.0001139149907874628,6.109481836395752e-06
0.09452951323463851,0.06494635851428694,0.0025802095937067747,1.2000022281087445e-05,4.9263664626317746e-05,3.962328603833195,8.326014680475398e-07,1.5667876750600253e-07,0.00020343372329848037,2.9986878375046286,2.5345451087585905e-07,7.183640389433446e-08,0.00012941648252937652,4.5105240559509715e-06
0.09786276160546102,0.09634963693094116,0.002587503691383751,5.676954095451482e-05,4.524928728556479e-06,3.465282578781416,1.69237707464937e-06,3.7353177036869327e-07,0.0006481676032128098,1.9769795111144852,1.929115636768798e-06,7.302261972887911e-07,0.0007408337043189804,1.713052575361211e-06
0.06878518106242829,0.048470691150091824,0.002725424598033585,1.98964004914009e-05,5.870035886866205e-05,-8.964249798372524,6.989193491995449e-09,4.1316799943338576e-07,0.000447015216760567,-0.7791520167045076,3.2494839126892147e-07,4.5292801204350817e-07,0.0006458305937271127,1.3797887065461283e-06
0.05352645073960115,0.02605016367893137,0.0020766247581379496,4.235597748423461e-05,3.759482699474101e-05,1.1643297962503465,1.781605869731427e-06,1.0348704434939334e-06,0.0005324397310719701,-0.017953301372522965,6.163047008037341e-07,6.209228174406035e-07,0.00029179385754782294,4.55382502311623e-06
0.05081530214943336,0.03868969310292118,0.0021234790821843623,2.7233673325934052e-05,4.0964900936858126e-05,1.4479102108594468,1.40702529836544e-06,7.642176747529426e-07,0.00039269585417349906,0.36392153096769414,5.079759134901419e-07,4.3584603810488e-07,0.00021107662954634958,4.541251602077531e-06
0.09630227543679791,0.07376825817089736,0.00244585506705929,4.4970878591242475e-05,1.1031347755896655e-05,2.903224917253521,4.9569901456428254e-08,1.506393389843218e-08,8.25642870802244e-05,1.2237301699845835,7.956237992615843e-09,4.315462566705042e-09,1.5105396011761105e-05,7.148276607642603e-06
0.021237590524566655,0.020134562150197217,0.0026501630365580167,2.3490652842612598e-05,2.7335564242166623e-05,2.1244400578433464,1.1931646513950397e-06,4.5268849402096396e-07,0.00038633560296957387,1.43046885276543,4.047709895185811e-07,2.1110118506870585e-07,0.0002056166091111718,4.123180280976437e-06
0.0810039172925016,0.07062112688271557,0.002858906455556896,1.4321520454421917e-05,2.8193934949757313e-05,4.036834585442157,1.1849310048759067e-06,1.9043525978369438e-07,0.00031527210934984435,2.7239910604327364,6.183607724819543e-07,1.8155408151450016e-07,0.0002448269861074977,3.152640165228322e-06
0.05549022296652041,0.050547172047078315,0.001695664170353975,6.052014711717678e-06,3.6151959440001134e-05,5.071071972912058,2.9893560041522844e-07,2.732848418004461e-08,4.764842573000988e-05,4.811633008360054,1.45194723070074e-07,1.645869905457409e-08,0.00016941343071993873,4.832558099772889e-06
0.08661032369234468,0.02518479256597174,0.0013475828634858505,1.1707909158598711e-05,1.4060096804909257e-05,1.1875628960576285,7.52562990892467e-08,4.2807047593256456e-08,7.302298153644586e-05,1.5264826649086758,4.306368952104152e-08,2.149890309225996e-08,8.566997559952102e-05,8.696059401096873e-06
0.05379077172722406,0.02560694187946924,0.0029885326057321592,2.1582281215019147e-05,2.9862823570188002e-05,0.3301716590718253,2.6387806027088596e-07,2.2788458000604225e-07,7.550033444509807e-05,-0.2490572664076319,5.323191711388435e-08,5.99238468033171e-08,4.285932441741674e-05,5.7603665699708295e-06
0.05312591667061796,0.05010325835384856,0.00143587346413477,2.39828768849526e-05,3.829159459694268e-05,-2.4962027192031706,3.3886388957176336e-07,1.072516691483045e-06,0.0002766301196165438,-3.617469191271901,5.289572043566106e-08,2.481595566986275e-07,7.615681996179224e-05,8.254112433737865e-06
0.06812158149495427,0.021089704677280524,0.0026670052322061997,4.414563522848361e-05,1.0356100777834019e-05,3.10394451703337,5.3622400056920346e-08,1.5007334012578853e-08,7.701130267930923e-05,2.234197411123537,9.914361056576088e-09,3.244925919196812e-09,1.0383090571005625e-05,6.527727145126024e-06
0.09653084926727935,0.04119517016019404,0.0019252535366898668,4.344257109205699e-06,1.2135179001555337e-05,4.725079105205836,3.3243709946262016e-08,3.922322791493371e-09,1.0064300239632337e-05,1.831975676222451,3.347381453631851e-08,1.454227835302732e-08,0.00013657187618245527,7.026840858471232e-06
0.04230752195963543,0.03003887740176084,0.002333808994523274,2.9885419627251495e-05,2.0910040350616513e-05,-2.654846513555113,2.642228790723032e-07,8.350065405323484e-07,0.0001960752515309072,-4.398581025333676,2.8145788863161214e-08,2.1769973711734717e-07,5.145840839221753e-05,6.613823297106616e-06
0.06298180476983205,0.0486147949244666,0.0021059656333135145,3.229316786366962e-05,2.2359691286582313e-05,0.7859213362869635,1.5505115804569826e-06,1.0768959618260544e-06,0.00040272524757578365,-0.006867136692378227,4.89844023504603e-07,4.914016177210872e-07,0.00021977880730870161,4.730840861442816e-06
0.05469488384600256,0.028956911503008977,0.0023957634350516835,4.67319727115286e-05,5.057910187549653e-06,2.023950063851599,1.6121452744632376e-06,6.794163975307196e-07,0.0005397496692460547,1.2410669093263478,1.1324318822606369e-06,6.216594702325934e-07,0.0005903292875335076,2.2555191393084453e-06
0.07623505478454022,0.05831638972401143,0.001644774972468859,5.453496303094752e-05,4.774737677975132e-05,-1.167233152753578,1.8005170846669128e-06,3.071880965598568e-06,0.0006176045590468725,-1.7785273077276604,3.7049300566291464e-07,7.685420218842502e-07,0.00025942762932133914,6.018910477988093e-06
0.0602483128558669,0.027006704516231314,0.0015224069170138258,5.166641180829808e-05,2.9340684232861085e-05,0.08964160012759174,2.27499697231384e-08,2.184057180219467e-08,0.0001234915089326631,2.266443856650588,1.017561582044022e-08,3.62760007535122e-09,2.58833816241335e-05,8.427737095912846e-06
0.0702984191303747,0.049170807203817585,0.001481652490914356,2.0042135526257126e-05,4.8743369027277626e-05,3.56983236551625,3.0845352594187074e-06,6.012449763797494e-07,0.000694260600040927,3.3702531005171448,2.111906860446216e-06,4.555918556534763e-07,0.0005944715199824958,2.30409216752254e-06
0.08641551963388634,0.07681829807816189,0.0023552635325810763,2.574127037761458e-06,5.065441179282225e-05,-574.6145355114166,1.68147224504465e-121,6.206477211045724e-08,0.00037606180315614854,5.96754170948735,1.5066881508851233e-06,1.0201769278891658e-07,0.0015198135073088233,1.7396290176254321e-06
0.09724975851441911,0.048697520062150175,0.00224326609375152,1.4079659193538075e-05,2.2512488041883562e-05,3.2778437044247557,1.285073296071951e-06,2.8737980546207966e-07,0.0003390183791401811,2.851332224732676,6.145721839556795e-07,1.6745075709822858e-07,0.00023152856033512503,3.334287144037857e-06
0.09030354047955458,0.06322315695039143,0.0013962235717986124,1.4266682961481894e-05,4.3964270762578375e-05,0.12341321237651362,2.1210830898146397e-07,2.0035899173920462e-07,6.771873914272392e-05,0.2007833816140968,6.367390679148211e-08,5.831070472694264e-08,6.765473260185533e-05,7.715691005014928e-06
0.03227013101714407,0.023446012574004103,0.0014910709433503195,3.786816103982394e-05,1.6396806790098156e-05,-0.8017127607309693,1.0168258994269116e-06,1.4701928694405132e-06,0.0004296302678630811,-2.0288452515048605,2.385325311919723e-07,6.093889632190633e-07,0.00020022444119862585,6.796948102293859e-06
0.032208745285341345,0.02154998824152014,0.0025992338133870815,5.355568337980083e-05,3.457152549286544e-05,1.8362730636351776,1.800611913843138e-06,7.589936551453354e-07,0.0005972662422318619,0.3518479070016079,7.066105209063005e-07,5.996335335546699e-07,0.00035982121466068633,3.893193176823218e-06
0.09723056633386137,0.06439156850262175,0.001917667927326081,4.3077793944504834e-05,4.26155434797368e-05,1.1473445425455613,1.9735439708836725e-06,1.1747937572134873e-06,0.0007272364151170923,1.2486468748916404,1.1484102049405132e-06,6.55129213530728e-07,0.0006050333727739435,3.150066209001364e-06
0.053024942886172,0.04997379102552788,0.0026466638177314117,1.1857922507948054e-05,7.0772538443047445e-06,2.46143844851726,1.544035298155167e-07,5.4578885039857805e-08,5.821322195973685e-05,1.1200139986909532,2.638645401767198e-08,1.5434366551720927e-08,7.505523737922745e-05,6.128497052743611e-06
0.06572672965538019,0.045864304515862916,0.002697173376334361,2.376907602288487e-05,4.60400560338059e-05,-0.06254361979540148,4.266761653306168e-07,4.395139893000771e-07,0.00013781224981405983,-1.0455055732518606,8.610137178007095e-08,1.416824108985742e-07,6.846317154411466e-05,5.700887682390572e-06
0.09193939612884451,0.0637931418717116,0.0019451923543476204,2.7066538717222183e-05,3.229893570652714e-05,1.8273364036102167,1.734603126774837e-06,7.693585114360553e-07,0.0005642139712121431,1.8196821243780625,9.921806221863932e-07,4.4380678131473926e-07,0.00042041042890894744,3.276646069764163e-06
0.0303216218286345,0.02181260408735316,0.0023099236154065627,3.2078701767214374e-05,2.2807116088638753e-05,-0.2993926164232749,4.852406260601891e-08,5.512801139990943e-08,6.75927750644573e-05,-1.1908302050106723,6.4100820150045224e-09,1.1020973795722296e-08,1.5228610797095887e-05,7.264439640161229e-06
0.08905249248808264,0.07295716339117167,0.001389656726435606,5.0859867870618255e-05,3.200805274686923e-05,1.0676532681753408,2.593669453939178e-06,1.6549738732433846e-06,0.0007198312772732822,0.2051763779986708,1.0169880708521642e-06,9.330050620166765e-07,0.00042646441685623073,4.262356970669746e-06
0.029171635163378673,0.028662653925935377,0.0017690171266175675,2.470065230085031e-05,1.71142488126375e-05,-0.518306322857543,5.604046476256729e-07,7.081189983439027e-07,0.00020930567533778476,-1.567225926692075,1.2771749490177742e-07,2.612199765299314e-07,8.177725013463599e-05,6.539275355903159e-06
0.045606768652660265,0.029091563061944624,0.0024238511752088044,2.0896810742708135e-05,1.5044198372192225e-05,-1.3979451977910753,8.202381843571716e-08,1.5194431758226137e-07,4.8494893658873404e-05,-1.4682984775469903,1.1810962408746621e-08,2.420240409883525e-08,3.164161568507539e-05,7.167004440113401e-06
0.08466711586009483,0.028475140767421102,0.0019120310370570601,1.5691586960299805e-05,4.715724269596286e-06,2.11151925304838,5.46234199856075e-07,2.10186457732368e-07,0.00013041460707889264,1.0928430017392734,1.403723724173576e-07,8.889413729869349e-08,0.00012894233354930225,6.059741314179485e-06
0.05708682153238563,0.04621540603062918,0.0021019681595219734,4.709619695231162e-05,1.3431640652944133e-05,-0.8526709564490506,3.516548099167372e-07,5.290380297981017e-07,9.67498308270624e-05,-1.5178786526542631,1.3840958601352136e-07,2.863592554526194e-07,5.427356949253583e-05,6.195664139686764e-06
0.055350304429648264,0.02830560039115803,0.0016619217625905552,3.137239419308379e-05,4.573706165280924e-06,-6.609311650118842,2.130678438713149e-09,4.5573301107476266e-08,4.1161145965016e-05,-0.6466880806432233,9.78385211346808e-10,1.3131722388973e-09,2.208726861663295e-05,9.183448557841409e-06
0.07238862312880835,0.02608975662490007,0.0017822571788733816,4.397898658238458e-05,5.839584797176537e-05,-0.3315423467047784,1.7736504649117204e-06,2.0619948918655695e-06,0.0003998438185563054,-1.3781111648072084,4.11247648387732e-07,7.699705781922322e-07,0.0002052480730084917,5.552558018534558e-06
0.08658648868477599,0.05269099000955088,0.0026008544416703926,2.2576914489621793e-05,2.5104789338020424e-05,2.4931829669060823,1.4961957257127818e-06,4.696838198832188e-07,0.00044947668298826314,1.4051062072678426,5.985239786117665e-07,3.13562285121914e-07,0.00026351800777313274,3.731571596038093e-06
0.08565290517892257,0.023902515606077666,0.0018701469860904012,8.102456823669961e-06,5.409341127873462e-05,-2.7565677799364816,3.9005012490602384e-08,1.2557404840396505e-07,0.00047644134414734504,4.44199765950384,1.0648123938694593e-06,1.3469284038817532e-07,0.00047623251900658206,1.8316823326386548e-06
0.06458844942741707,0.03836919412528711,0.0023914057250800204,5.898194087769814e-05,4.616248385216422e-05,0.6410211351588183,1.9719885960481937e-06,1.4558204194900202e-06,0.0005803884200630981,0.7690737116521301,9.611789912879301e-07,6.693748099120807e-07,0.00042590797179133463,3.4817018214217887e-06
0.06039168052053728,0.04612339677956097,0.0026712596266042256,4.2077212541328305e-05,4.59074577261865e-05,1.1355077175034005,1.6806828654399123e-06,9.92799882950962e-07,0.0005717273012394182,0.1513267914155907,5.589305259848039e-07,5.213836022428754e-07,0.0003091107630386181,4.106304949183682e-06
0.07736366494848873,0.028735083570584165,0.002896801842272285,3.962788962451864e-05,1.0735070374919215e-05,4.45579168716038,5.982942117492982e-08,7.875343509036715e-09,0.00011594286068048566,3.448551937958592,1.327726622906249e-08,2.3681206529524703e-09,1.281372566380049e-05,6.76334729346294e-06
0.0655585021272398,0.06394108500919866,0.0015184605795000115,4.339122370007199e-05,4.595493162426077e-05,-4.790141612880725,5.8953631740867344e-08,5.265934758657544e-07,0.00019235077233818783,-5.512378318615078,6.048786280865982e-09,6.588931850740644e-08,8.976140265541516e-05,7.811053308618294e-06
0.038139348782455056,0.025839999245487688,0.0018212110320209491,1.0587380512224679e-05,2.18893649145817e-05,4.050330076916977,6.170955121415767e-07,9.324867819791347e-08,0.00015044247645377547,3.2988657708135083,2.4069686636616296e-07,5.104891225309873e-08,0.00014537768288346966,4.597474814413903e-06
0.08781218187899532,0.07297074117521658,0.002110369443127235,5.1410249675703686e-05,5.477399859742244e-05,-0.3142544616207294,1.4798525019212961e-06,1.7103548561852117e-06,0.00040612249928235886,-1.327987645597757,3.830120607449254e-07,6.604280795399749e-07,0.00020095211700232125,5.295006860801062e-06
0.06145824178017063,0.051502120660513906,0.002940883761607931,2.1995475060787433e-05,1.2175777617987486e-05,-21.52140424857834,1.8675953442158857e-11,2.4729555799166004e-07,0.0005085709025924908,-1.5282194748144733,2.5026440064327535e-07,5.156576351249523e-07,0.00048520315726584593,1.2695590272576228e-06
0.04449746241244361,0.033767320646098456,0.0016377052112229225,6.865006854730306e-06,1.6908293211737084e-05,5.511307039455102,4.895550721424218e-07,4.08909117297397e-08,7.626578674487747e-05,5.4559051824878075,2.8239645086058704e-07,2.450349602096927e-08,0.0001720834559422234,3.8452067628903415e-06
0.03351618261587637,0.02030256544169106,0.002445466592709936,4.1397194246299774e-05,7.0879388001277636e-06,0.9135040177565332,1.5405443829856687e-06,1.031973743196043e-06,0.000603421336336966,1.3283697543416588,9.204449845640714e-07,5.161602511632295e-07,0.0004655550640619686,3.1680944924490318e-06
0.030144190622211377,0.021478442611829508,0.0022693552158638743,4.1485088171642574e-05,4.679129342427548e-06,-0.9831068473685343,1.0730478846370528e-06,1.719957685693859e-06,0.0003882661507273723,-1.9526205485177879,2.0470667548375856e-07,4.723611402068415e-07,0.0001484230992375724,5.636578069198993e-06
0.09009976563740295,0.072464927506464,0.0027413389233015683,4.7017570043410133e-05,4.864390965365003e-05,1.1155319621744377,1.8049325826052765e-06,1.0825828094313704e-06,0.0006236109205549638,1.043358008398859,9.204506066119416e-07,5.731841355898848e-07,0.000497639745005579,2.9904877939219662e-06
0.030669243903337896,0.023130876257345064,0.001966513431785502,1.4902672676394312e-05,3.484449361019534e-05,3.0569758617591996,7.210316520541699e-07,1.7675770462204875e-07,0.00020814412844447763,2.164736448143336,2.581415201086947e-07,9.45117181279394e-08,0.00012699305734271987,5.029711369007446e-06
0.03802765772706637,0.03130177320213769,0.001383222096219307,4.939959139892039e-05,1.004174325285515e-05,,0.0,1.3171867194687358e-06,0.0018399712406994026,-5.306944743651571,1.1816831187740055e-07,1.1400092950721994e-06,0.0017753330464294612,1.466731878940024e-06
0.03254654132786123,0.02846125788983654,0.0025795134684824528,5.240497701292702e-05,2.8020055823144002e-05,0.3292708884303797,1.2559840126050983e-06,1.0763334044760514e-06,0.00045463762262970797,1.41901138976819,1.0484256673560266e-06,5.450429889347497e-07,0.0004276383416119584,2.7389904452411536e-06
0.030893155750820737,0.02196148151741856,0.0017415481902013571,5.2159634221236184e-05,5.420882443428428e-06,1.3677536228844582,1.8916109718711665e-06,1.0343078183307657e-06,0.0004925683731842579,0.4993017804924364,9.633285738030632e-07,7.562509730582214e-07,0.0003703873530856387,3.6437744747878966e-06
0.05135262909000397,0.02973203377343798,0.001649281667707902,1.198803074629869e-05,1.0973058438400023e-05,3.8952330996309397,7.793407650559286e-07,1.360748409341745e-07,0.00018157711466365424,3.5387392649968783,3.280201536667148e-07,6.618687035195861e-08,0.00015725203220953648,4.69335598723196e-06
0.03415125169135776,0.031515866739654376,0.0018919959348947866,5.5621460872860323e-05,2.1366570857058976e-05,-1.1888267165982658,1.321037140675641e-07,2.288784855635389e-07,5.1418802444717785e-05,-1.8702718977056265,7.85129002021897e-09,1.7362365995368686e-08,2.3916722225548002e-05,6.529312386040665e-06
0.05080987676532035,0.04116451214721243,0.0025561920948184245,7.691210259602541e-06,8.044178357743135e-06,4.884629327263397,7.35780402212123e-07,6.47106730883744e-08,0.00014202349442038277,5.530517020788039,3.672007544637258e-07,3.184124784713657e-08,0.00012682977954160205,3.033391237283088e-06
0.07678493776559953,0.06445901514283886,0.0016783011791308437,4.881722049542836e-05,4.169080499264497e-05,0.11511509130540232,2.5854451865851567e-08,2.4534878991558826e-08,0.0001161574776847243,2.549546236980075,5.615786274042244e-09,1.7600165437964647e-09,2.2863424723535348e-05,8.328279928202589e-06
0.08467512203383737,0.044798525219721774,0.0013918756843418864,1.6712802854571997e-05,1.2956862845190014e-05,,0.0,0.0,0.0,0.5319542595515218,2.9925141572660553e-18,2.2937453916436474e-18,1.48829510193485e-14,1.3682554949680358e-06
0.08922529669316047,0.02717022676902175,0.002762782830567403,4.332455805963381e-05,4.3025900932694905e-05,0.965535844624633,1.7808038377968422e-06,1.1430844696436116e-06,0.000616415291220504,1.2111699809638372,8.908877905512743e-07,5.133891170860169e-07,0.0004836135296567589,3.0313731176428117e-06
0.03929766001786786,0.021404656570326447,0.0016029273806737695,3.120285191213247e-05,3.7019751009291294e-05,1.5445620264510473,1.6352828197799592e-06,8.152796218042901e-07,0.00039146783281424926,0.9153897160013352,7.639370842467151e-07,5.065740956827582e-07,0.0002638949742167516,4.261256431208858e-06
0.028197265708436864,0.0279834921912354,0.0026336094584516467,4.8362234822037854e-05,3.302670075822465e-05,0.7840024962375987,1.7378193768102405e-06,1.1942843171521673e-06,0.0005065534527003039,0.5815852045635027,7.063302687710577e-07,5.529906084967276e-07,0.0003169043605603124,3.7941163684148796e-06
0.09433353644571651,0.06984070245905413,0.0027482276627610993,1.4201417085197173e-05,5.3338437651782704e-05,1.8671584244150587,2.2312134603413772e-07,9.63208391725848e-08,6.726051049895256e-05,1.0621096463318642,4.1073840317739624e-08,2.4497695544106533e-08,7.181689990338261e-05,6.000532007189223e-06
0.09269568241361863,0.07528006927057422,0.0029407439624660582,2.47453418430077e-05,2.37776398513046e-05,3.8269707924070846,1.6104470610767954e-06,3.0273171841659637e-07,0.0005015341925747763,1.787463911840958,9.304968469812159e-07,3.876218372398304e-07,0.000449037292016923,2.5544788882801404e-06
0.061359813123458964,0.033322275987607626,0.0026301086402946827,3.639116070946123e-05,4.684998762209585e-05,-1.334425810459726,6.519793388910838e-07,1.2067578401268241e-06,0.00030306695664562936,-1.960450124828548,1.314598480581796e-07,3.2539275168479507e-07,0.00011033761241561443,5.603650604820898e-06
0.07346799274505125,0.0208386963367833,0.0015598340322290846,5.979544871691819e-05,1.319276889255341e-05,0.3142201876342782,2.361582601149222e-08,2.0469181525060442e-08,8.319190911299696e-05,1.1848530930057068,1.1630900475967653e-08,6.783257066413439e-09,3.360293517422847e-05,8.206886898836548e-06
0.07538327115021877,0.050215985567652936,0.0024640790897084127,4.663711116847274e-05,5.4635364504703264e-05,-0.046407411022069134,1.6881058922944979e-06,1.7221074773654133e-06,0.00038856883340604984,-1.3835531768859712,3.546313594984857e-07,6.436415220320477e-07,0.00018900178084026568,4.939063157284121e-06
0.024638726618913493,0.020637069785148707,0.0014625217538863924,1.2167845668449415e-05,5.93672466058503e-05,4.048039718257089,6.852416994707966e-07,1.1307601561434172e-07,0.00013914266977185265,3.567511989490165,3.368783104760177e-07,6.749555254118327e-08,0.00015229462632641058,4.601498497263013e-06
0.09426969638168017,0.05430160800017503,0.0028111366491828074,1.6542872051830875e-05,1.6561550364267394e-05,1.659383525561294,6.704974594269164e-08,3.217453442273089e-08,0.00010509383989081173,1.9423679746541158,1.7586669980649405e-08,6.660117469695845e-09,1.8552079347119788e-05,7.1473535448722716e-06
0.09059399675508746,0.08224210861034119,0.002596118892745426,4.619882517484332e-05,5.918202481115919e-05,2.044557701211382,1.8102014353714801e-06,7.045033821361453e-07,0.00054549206150061,1.3032639869877398,1.0980234862270495e-06,6.03278355608934e-07,0.0004893794539764674,2.752942233499579e-06
0.03243629102838117,0.02324072359084979,0.002925988152585978,3.732879581004079e-05,8.053721004017565e-06,1.1278353807459047,1.5898469372538574e-06,9.565712778022886e-07,0.000592058945398764,1.1329345282394974,6.955271169104843e-07,4.2024607738211983e-07,0.0003927331624486075,3.4551189386512862e-06
0.049685952648586884,0.041442160535305944,0.002175126489518462,4.0648333665253536e-05,1.2126968734791144e-05,-1.837334210186662,6.765598362059747e-07,1.5723228262691462e-06,0.00038876293705442506,-2.744004163421851,1.3931978708905167e-07,4.958944128715732e-07,0.00016110994463487856,6.103300383154221e-06
0.02917960379590908,0.02856284494734158,0.0026137784447673013,6.9034041312987855e-06,1.0265940670191916e-05,5.067172638476082,7.144973712982153e-08,7.351570538650698e-09,0.00012585435931570672,2.1669555024522937,1.7470743602379768e-08,5.913575368206059e-09,1.7906683110425828e-05,7.703720141687953e-06
0.04777878477412739,0.03858110151353718,0.0029610458638689484,4.472911623337492e-05,1.3878902596019462e-05,1.4635567826491314,1.7504595016955961e-06,8.826135601347001e-07,0.00047179846978403855,1.324742379219117,9.145138157329772e-07,5.275677493524718e-07,0.00038907815170603256,2.9059265819989963e-06
0.06999372291250053,0.057135871938195124,0.0014818511256976022,2.9735099232576267e-05,3.143679135022259e-06,-1.7785734039390018,3.3662147823101095e-08,7.731178145457585e-08,0.00010707219007281138,-1.4887238065885542,1.270252578827745e-09,2.511415819208853e-09,5.1740727343210254e-05,9.231902587880753e-06
0.094125168479413,0.04457433185915817,0.0023320070950880204,4.4043080769328344e-05,2.768645027198689e-05,1.000130066897239,1.7414794078850136e-06,1.113760622636147e-06,0.0006488541807181428,1.4251422974674,1.166043405264189e-06,6.181937016705047e-07,0.0006087218255169764,2.7059614184515584e-06
0.09518874008522894,0.03820222629183305,0.0019203579594272236,5.6414530538516065e-05,7.976703891333959e-06,0.8537470311621391,2.396362392207015e-06,1.669665871998243e-06,0.0007805663668807257,0.38510534107494115,9.608514466438075e-07,8.159342022508263e-07,0.0004622187527534895,3.957352331962454e-06
0.059532139072212525,0.05456008271605958,0.0019263798410547252,4.927818549368431e-05,4.001510600046479e-06,0.4201509165313952,2.116624848687854e-06,1.7513878932506657e-06,0.0005444109029988986,-1.0171711219549677,5.312064514192494e-07,8.418485482949141e-07,0.0002406792865291953,4.933405725223489e-06
0.05149333020486402,0.038973470702162755,0.0029537820725750695,9.445405672165402e-06,9.063236349465289e-06,-11.774734510551664,3.045830458592331e-09,3.841497905817586e-07,0.0011417465578349901,1.9843022804029085,4.1605992987830153e-07,1.6920522557715513e-07,0.0005486883326633235,1.8821613070467508e-06
0.0915174155969057,0.03471533470160257,0.0016703217192223934,2.965434570835678e-05,1.4827272013956292e-05,2.2781544978181483,2.0976047130826997e-06,7.568002703405522e-07,0.0004971913455930493,0.998294506030817,8.51491763746438e-07,5.463289139731609e-07,0.00030103604027918577,4.067228120001354e-06
0.04028452888689499,0.027204337869332938,0.001838644897730936,4.990438377507872e-05,3.368464510684613e-05,0.3013072278515831,1.8723993524257334e-06,1.6231233427727574e-06,0.00042792282156074664,-0.24636880901206937,6.074267097153668e-07,6.817002123518272e-07,0.00022944217337838137,4.938608279754472e-06
0.08167391443000305,0.06550637765390994,0.0024717694245416483,5.5375140532025806e-05,5.6079906654623675e-05,-0.5794140816861122,5.6301280058605553e-08,7.188604295795877e-08,0.0001147248228484026,1.0063465606774906,1.0432752459399223e-08,6.59693302400916e-09,8.154036045815672e-06,7.763347298577626e-06
0.07214528968392213,0.0372342223492098,0.0027051064162013014,4.1872333492735775e-05,2.829492886339505e-05,1.751809310458914,1.5198894682353603e-06,6.854978967725635e-07,0.0005927791516218345,1.209584779128714,9.406240495108576e-07,5.449997508028996e-07,0.0005008808706552774,3.046914714294276e-06
0.09004435390509552,0.024215062384177956,0.001684632941793752,5.110581483257198e-05,2.089209832620447e-05,1.4125787887175145,2.500733933250218e-06,1.3028896029682188e-06,0.0008606280297044586,1.211678329836027,1.350960659549098e-06,7.783337867069199e-07,0.0007072107001620925,2.5486554179110955e-06
0.069801673168297,0.04022307780218186,0.0021238056928426403,4.1265695863822035e-05,3.4950669478473156e-05,1.321225839553277,1.8280764410091673e-06,9.76100712767789e-07,0.0004922351583596935,1.2778362482184438,1.0886696665981782e-06,5.960715456591792e-07,0.00041185427380647285,3.03659537942532e-06
0.06763310283465859,0.06702262813351675,0.0019934951532144217,2.1954942643648533e-05,1.4254026811216083e-05,2.44258939206121,1.5104609400750886e-06,5.381897459293872e-07,0.0003504150482571203,2.554890889851311,9.797074146082333e-07,3.347981559588368e-07,0.00029787120738988734,2.8380490710463695e-06
0.05444936530410305,0.03277983916059145,0.0023162947496890105,5.485637028118932e-05,3.164954066657879e-05,3.8756552784529132,5.582414750766495e-08,9.56831151598178e-09,0.00011675240087580867,2.885652035661348,9.590584041478432e-09,2.266468764210336e-09,8.777626451987296e-06,8.448141764076783e-06
0.08527453648931764,0.03223441091522434,0.002805061649783506,1.9866796247954448e-05,2.2466478371039116e-05,2.188420383657548,1.1976672086577033e-06,4.549482045208266e-07,0.0002967427373247844,0.7750225963421931,2.95966757493209e-07,2.0298724962325353e-07,0.00014279033996034035,4.4463765843538845e-06
0.039053895350773624,0.021265008130275622,0.0025317776625428303,2.0178856346548233e-05,1.5400948995267624e-05,2.4417485149117053,1.3085219294034154e-06,4.001077340933664e-07,0.0003752256524252256,2.8944137131289316,9.499843102186006e-07,2.7638725579727743e-07,0.00035137986560737026,2.389639413717103e-06
0.06795200207196452,0.05464759941573048,0.002909674965854686,4.761316841620501e-06,1.071995891843674e-05,4.271593264240962,7.963402620395582e-08,1.369541133870894e-08,6.11566064313727e-05,-0.18595837470587062,1.2065461298060386e-08,1.3200806213079289e-08,7.943021232100143e-05,5.823360947631569e-06
