0.08057153960704312,0.06522282026807232,0.0014702030951096025,3.466498971778491e-05,2.6665330381698693e-05,1.7136779034280791,2.3846963790155307e-06,1.1083278377179e-06,0.0007303889973250502,1.3716155241646393,1.118137348733225e-06,6.080200068835298e-07,0.0004886009383635387
0.062233226526200794,0.06145355831996685,0.0018965654345922721,5.166855851749477e-05,2.830577258441243e-05,0.9111850530537601,2.021036836676016e-06,1.2872272972777878e-06,0.0006618309309351169,0.6607961597144355,9.957997420834001e-07,7.446128393917234e-07,0.0005005746967922419
0.027462056576706084,0.02557442209849398,0.0027513901581648855,4.3607597998680153e-05,3.497318677577142e-05,1.0490495099929276,1.7131331666228106e-06,1.019525044134317e-06,0.0006225480993016544,0.7944805102966438,7.193110741997354e-07,5.086437955444798e-07,0.00039988037829223
0.02722992396392234,0.021240860449886025,0.0023843695073841277,9.31855356326878e-06,4.0584368748877356e-05,4.816980325652666,6.540022425475952e-07,8.691733651091054e-08,0.00013054428842492374,4.619425982753053,3.038242998632423e-07,3.5114247123240966e-08,0.00012689517433874193
0.06406408727177858,0.0393893642508321,0.002058054287579031,5.6340876595986363e-05,5.110953658610503e-05,0.7790174144554317,2.0257676455814665e-06,1.4249997420171774e-06,0.0007372223158077211,0.6521743492472757,9.867877000262244e-07,7.358622201926686e-07,0.0005404186260359673
0.0989633094240245,0.09892302129116858,0.002794119552647397,1.951522425766487e-05,1.4520240131777603e-05,2.076492745481983,1.3197511742669845e-06,5.312424602054978e-07,0.00037910730285783706,1.6330888526851783,5.919519528372632e-07,2.69447302298794e-07,0.00025819202523171496
0.08840607020914404,0.06287958185678086,0.0020217777957729226,4.6209592142862044e-05,4.826968700453355e-05,1.9113879998136571,1.9901385052807724e-06,8.437023461842075e-07,0.0006957409944766802,0.9568868128151315,1.0371754165195151e-06,6.763885871790141e-07,0.0005338297333680843
0.02209376319576692,0.021208303942200555,0.002439978200925142,1.1658487995891457e-05,4.719439580102664e-05,3.3981587529625457,8.055886564184092e-07,1.7159287211916754e-07,0.00027181421160089896,2.83780380938014,3.161242587477439e-07,9.506642931652778e-08,0.00040022250885479694
0.09477519862610999,0.022904137669145057,0.0026791283500930954,3.4691310290974044e-05,9.996899774197695e-06,1.7955268790142203,1.6991520400503377e-06,7.810791940828226e-07,0.0004998358703130692,0.8813282834551696,7.302983834840687e-07,4.791288963922175e-07,0.00036388349361277924
0.05289370233415194,0.03242744099361615,0.0019385286299755879,5.83587705615985e-06,4.1892473376353495e-05,5.6324704640670085,4.650622234534653e-07,3.875135487120715e-08,6.841134397988224e-05,5.595431880581355,2.5236920815522706e-07,2.1330885095003878e-08,0.00015774485128231325
0.050174214672344564,0.04610697305766023,0.0016059039927917148,1.2471295279830489e-05,4.271885305182547e-05,4.448180122592035,1.0686884309541066e-06,1.6699503300207516e-07,0.0002707789215346046,3.845955167024225,5.696061680984802e-07,1.1451918537679451e-07,0.00019414241784083372
0.04679790792036302,0.029144611098661358,0.001997934743911884,1.3644583492513023e-05,2.5634496795475667e-05,3.5547302742045246,1.0347504699505269e-06,2.1436249549034782e-07,0.00025999656035906776,2.61660061494848,5.209348954414569e-07,1.4435622142479778e-07,0.00019893678027995472
0.03407281060258269,0.021885331838756773,0.0026056682730006345,5.6841206995601466e-05,4.481041982406245e-05,0.8919547740343796,1.8913890070862062e-06,1.2236335679336852e-06,0.0006255935011781307,0.5897298792115307,8.085787721172838e-07,6.076103622134163e-07,0.0004327566610095386
0.06557464874415161,0.06523071379240232,0.0016180634098727398,2.247258016332473e-05,2.603126672619647e-05,2.249321222670572,1.5922500407637565e-06,5.598162221428473e-07,0.0004910352177035993,1.9436207208276317,9.130860618474055e-07,3.713700714026798e-07,0.0003824991484777626
0.041423404962205375,0.03704222557183205,0.0029091001749985607,1.3544796356414885e-05,2.228238874447481e-05,3.1520186371099728,8.75888217047305e-07,2.1891361783730762e-07,0.00025646680123720425,3.109745442013622,4.462483687298906e-07,1.1375672828553462e-07,0.00017217029535223865
0.02254650248105161,0.021108608699176058,0.002412311565158553,8.894744008653348e-06,4.2427604425755986e-05,4.820236709661188,7.271263975838091e-07,7.536000165031993e-08,0.0001349699744675849,3.795748652568512,2.8746504825139806e-07,4.847204609477311e-08,0.00015234390739743187
0.030326687007055587,0.02755088046161295,0.00136641539356386,3.169534130799287e-05,1.7221669089071125e-05,1.5586200592267359,1.6715382813896647e-06,8.117603996965749e-07,0.0004948347706258002,1.2542568630700373,1.0022341754105265e-06,5.613622957262975e-07,0.0003898510111063183
0.05177999694072051,0.03780680332063592,0.0015138229719508698,8.097848722524932e-06,6.3196929221450165e-06,5.019899892690091,8.164441206315112e-07,6.78200879128035e-08,0.00014387717741041746,4.622343265771697,3.8583591806394065e-07,3.9841440745394923e-08,0.00019154016094557406
0.0873992339763705,0.08357168135270039,0.0017760541192949075,4.6942693259203725e-05,3.83281488475774e-06,1.7229398676901357,2.2975926119236587e-06,1.0826071127883818e-06,0.0006229456335923347,0.5814332493501465,9.994306117791054e-07,7.565736810315463e-07,0.00041793351172729476
0.0793821756982214,0.06667988480798562,0.0021463334303539654,4.6787257874904825e-05,4.2341651634498877e-05,1.9513058145419981,1.9138705801485903e-06,7.832508873379848e-07,0.0006916732034495855,0.9212271139732148,9.976887996280715e-07,6.556935581794245e-07,0.0005308240619577193
0.08964715724865739,0.037525549957238856,0.001749976694918774,1.0948421758052964e-05,4.548684611713243e-05,4.564130009739107,1.1366587202321042e-06,1.6908368234913988e-07,0.00027199262135628086,4.155867271599028,5.980028135653322e-07,1.0363552562376646e-07,0.00019521331438204328
0.05743243888235525,0.03295701603498245,0.00245139769891505,2.9631582538196607e-05,2.5027444250558282e-05,1.428524933912384,1.5521186372494547e-06,7.863312662048233e-07,0.0004091256340484365,1.3212033574819637,7.721806704937224e-07,4.1433286943107784e-07,0.0002883496311997517
0.051534503369169815,0.04774527972844083,0.0015778158471688574,2.1942054597287474e-05,4.606084251704692e-05,2.421183624310999,1.5328888545208539e-06,5.036368742059089e-07,0.00045468003481411465,1.7612338174766249,7.770782958905648e-07,3.458053093635377e-07,0.00034016357831451535
0.05248609446801242,0.024739863559539086,0.002614334407603721,8.649079592715915e-06,4.830622055720069e-05,4.4925807937603155,7.011380746030614e-07,8.104742901484991e-08,0.00011646442544986233,4.211755741917536,3.747173265620855e-07,5.0703630755818335e-08,0.00012501068059263506
0.04566762369137498,0.029138653578068524,0.0019354100332951078,3.7337170111447015e-05,5.320785843314428e-05,1.2826402364541347,1.7347942476475896e-06,9.677121662809036e-07,0.0005938217286967354,1.1146865164112354,9.407137819881595e-07,5.685441294573584e-07,0.00046160783682192664
0.07766827138883398,0.03464020963923998,0.002580754188338189,2.1777182450357866e-05,1.7718779319446953e-05,2.258734716562286,1.4811105264152646e-06,5.665530149750728e-07,0.0003164971055619171,1.9924816307005537,6.817979634006985e-07,2.944628247173714e-07,0.0002312120992577836
0.08665465965553062,0.07401297747669798,0.0017281958276622112,5.4345647263738574e-05,3.9337006826442785e-05,1.0879426939102879,2.372719052675692e-06,1.4887668262695854e-06,0.0007435998621928301,0.6434881396984595,1.0431383951580503e-06,7.709417958242844e-07,0.0005006221644240068
0.049511657764795575,0.04091699263797464,0.00158316384697312,2.4832778816659176e-05,3.116985728698792e-05,2.372060737869487,1.766160641010363e-06,6.48901174741264e-07,0.0005284590644911753,1.4966173727643133,8.236399535999668e-07,4.122204772220873e-07,0.00036458723475792234
0.06611391058114399,0.04155286714806666,0.0016915761886056612,4.6659245711063795e-05,2.695074376952541e-05,1.048870498876384,2.3086646833941773e-06,1.394499256379366e-06,0.0006840889832474574,1.055658527386657,1.1326219172690195e-06,7.221145850200674e-07,0.0004895059345323121
0.044358226626925235,0.03802848916590453,0.002684843633302159,3.876257703957959e-05,3.9832264519125504e-05,1.1995084344996694,1.6469540687132008e-06,9.179541369383054e-07,0.0005489058855926034,1.078427212121973,7.784093029763745e-07,4.896263925337715e-07,0.0003715565873015675
0.09828030599344802,0.036880588893388536,0.0015582322848711255,4.667283755400244e-05,4.207247000799925e-05,1.2824302037309807,2.537907402623806e-06,1.415844347160938e-06,0.0009129479051912974,0.9187505928680695,1.1606981642672091e-06,7.652476876029972e-07,0.0006339470483413889
0.028141546718977964,0.020314078732622178,0.001338082846033178,5.801263736952023e-05,2.226257957160213e-05,1.6561090009892272,2.05676390950208e-06,9.532553034296753e-07,0.0006350951033804688,0.6196582968789678,1.2081308581840476e-06,9.06361860726543e-07,0.0004974003730197426
0.024977368202587034,0.02441768196285327,0.0027920105521460417,9.981673939147413e-06,7.216876620831597e-06,4.220363735037336,6.782167020564191e-07,8.54540514891062e-08,0.0001527052609515382,4.487778994630996,3.278840686436927e-07,4.6184010008304624e-08,0.00011237047889196337
0.05804963684473352,0.049718570414889154,0.002797079391226416,4.049409883277584e-05,4.760389576626955e-05,0.6160878365232438,1.4612239176312402e-06,1.114082744527085e-06,0.0006013557947006485,1.0670434267239282,7.611650083108219e-07,4.780006614417486e-07,0.000427939490617224
0.08148835566545358,0.027691147152678786,0.0016613000830333947,1.232317015013598e-05,5.042698082704494e-05,3.916918321708166,1.2372484386732903e-06,2.0408346221906752e-07,0.00031712971022601556,3.8825758574336833,6.939225567671517e-07,1.3979004501145116e-07,0.0002371171232403918
0.08599166736452228,0.030439417081490484,0.0027252837859508532,1.5341534522414938e-05,1.0600328058081287e-05,3.162015501509617,1.2608859615867133e-06,3.244054304540908e-07,0.0002910868736443439,2.352485002623397,5.30295930916848e-07,1.729059460815835e-07,0.00019294463431528954
0.06914830623276964,0.05475674513262167,0.0016786233378780413,3.0013222478810367e-05,2.467002408002921e-05,1.8442723864493322,2.035995417080929e-06,8.546967860275163e-07,0.0006295827637161451,1.5327037430496668,1.0061825339524723e-06,4.917432738142554e-07,0.0004534182612893135
0.07911055271832605,0.060931851620211336,0.0026513560160500303,5.656208447749381e-05,2.0259974586508504e-05,0.6680906635080401,1.9181043048962695e-06,1.439794126642939e-06,0.0006167125976724438,0.7938551484060826,8.677260203936576e-07,6.175613508611106e-07,0.00043487474673810817
0.09822169233583705,0.07493228516718989,0.0023035139571458128,5.462749328006665e-05,4.014656390592347e-05,1.0637678386713068,1.9931095192988742e-06,1.2202917490003795e-06,0.0007419876167914489,0.6920050883517821,9.115373329597626e-07,6.657090953121142e-07,0.0005278246482867466
0.0844157369201455,0.07401173753981591,0.002263607616390983,4.998857316158357e-06,4.406928918513923e-05,5.937574357551312,5.459057746492212e-07,3.677244118727527e-08,7.493993353574405e-05,5.918574873976925,2.9549287612433974e-07,1.8553350030061087e-08,0.00015763750231947464
0.09677428817559276,0.08736685990667892,0.002939065374364464,5.936677348470552e-05,2.1389403377269427e-05,0.7214048351482196,1.9134469316465676e-06,1.3360807086243358e-06,0.0007317931952848836,0.5786028639705648,7.405754104285124e-07,5.743412463450931e-07,0.00048300740399181687
0.043419013108600364,0.029832995528292848,0.0025193590816560765,5.727536372578804e-05,4.271943436888289e-05,0.9358289927214603,1.8842881483774592e-06,1.2021308122044651e-06,0.0005128821549599048,0.610285830739267,8.469653003968661e-07,6.327179281259558e-07,0.00038335808092172227
0.043694012422620124,0.034657160899315816,0.0013874409365398116,1.0445838071484822e-05,5.267777872639462e-05,4.912158891296375,9.546195825743851e-07,1.0831086166177011e-07,0.00017676077133667458,4.062631500767913,5.465302342054512e-07,8.946780157526511e-08,0.00019644126973929419
0.05587733224022644,0.02894570906255036,0.0017997885086644873,4.8539454351641485e-05,2.7287038261585315e-05,0.8806941729389929,1.9937785275550925e-06,1.2984673284591181e-06,0.0005377777114490283,0.7289491038286485,9.999383303759772e-07,7.01634583135924e-07,0.0004486020942833377
0.07826960158643086,0.03219495915042161,0.0014816676453036433,7.35965531788051e-06,1.5843930474552558e-05,5.565089063114041,1.0270961340348817e-06,6.870135221405212e-08,0.0001615205896248662,4.564078227747595,4.6497128121389435e-07,5.093364836814243e-08,0.00023854281765989935
0.06573203719633737,0.02639555770755819,0.0015350750036491338,4.07395847712423e-05,4.3221493959921426e-05,1.4605274257267127,2.2883480000142024e-06,1.1670865499007243e-06,0.0008165648638217166,1.1398250808868522,1.1235017724380596e-06,6.665474392705153e-07,0.0005808902041377731
0.06972273020762816,0.04446012622772522,0.0017986445420837824,3.238138242339537e-05,8.259965897280807e-06,1.5450034488022633,1.7978530355506965e-06,8.518909230757875e-07,0.0004268139559690591,1.399250565944424,9.979539252935664e-07,5.47276739223478e-07,0.0003332977855951741
0.029636581224554502,0.028518758533635648,0.0028369242943877453,4.4989293184750375e-05,4.3309916975369146e-05,1.0604337211004111,1.807900744274173e-06,1.1274850577167945e-06,0.0006482907331652253,0.8970874666691978,7.598803503123e-07,5.122782151559713e-07,0.0004150063627904175
0.02510029538396464,0.023473833072529843,0.002195331289170291,5.966092662296662e-05,2.7399661513478715e-06,0.9181147683523911,1.8942462940835302e-06,1.2869706673216528e-06,0.0005931551943655764,0.6441588281339741,9.92534522844236e-07,7.568671436534231e-07,0.0004257830024141093
0.0693237701036049,0.056254056508531075,0.0016417532862575456,3.16471603194834e-05,3.865274821270552e-05,1.7262977772522443,2.1126299064454874e-06,9.348084936731194e-07,0.000657318485466457,1.412194736093288,1.0279984381954137e-06,5.314980455193461e-07,0.0004703782128538379
0.036136900246407144,0.03513874182222691,0.0022844768766654812,3.21542589058318e-05,2.9546369678678394e-05,1.6002257674499945,1.5557066091455253e-06,7.971337973725027e-07,0.00046273796919092756,1.136969699488972,7.56135284046556e-07,4.4663778938964623e-07,0.00033440436946409675
0.045669397107114054,0.027361660524170054,0.0022457317312631862,6.083603409330353e-06,2.8353510152810937e-05,5.458819978695103,6.013162489931941e-07,4.958934494896596e-08,0.00010263333636346306,6.714149068554343,3.0755312983691095e-07,1.4721527497222418e-08,0.0001604677480444537
0.0724729497192887,0.025336110381097746,0.002482356016937518,5.1164159774061664e-05,3.799008120372725e-06,0.6772485144757764,1.6532965938921922e-06,1.1979865628676654e-06,0.0005269577975960578,0.9292121584110891,9.119262606816148e-07,6.184912463397463e-07,0.0003754087029894433
0.06880339186956008,0.062345268893278405,0.001892280812508583,5.832245791044364e-05,5.8969511471594804e-05,1.2594113521897319,2.3308935648361278e-06,1.3344364298201771e-06,0.0007591606497174295,0.8690585682993506,1.134834079881526e-06,7.754122353846436e-07,0.0005070929070709749
0.07487101487840174,0.06713157423416778,0.002876710933924511,7.41241256785525e-06,3.927759966029972e-05,5.104543415838857,7.20453047806243e-07,7.795690726799487e-08,0.00012883750742347238,4.5733234564402565,3.158210892691077e-07,4.307188636684313e-08,0.00012565760723778294
0.06633444574138335,0.05579004421858655,0.0017660174334617345,2.1571538784421467e-05,4.025011549530891e-05,2.282384109697581,1.5287159081341696e-06,5.155909299460695e-07,0.0003832455972057281,1.9970849942807753,8.644242057301343e-07,3.3520830650737363e-07,0.0002899271817754186
0.03154304321229051,0.026094631154503257,0.0019119168561740434,4.111044884462123e-05,9.825253579634424e-06,1.7072269435240506,1.7141136294261084e-06,7.876759960876398e-07,0.0005762787701956323,1.040275883168374,9.649600263184083e-07,6.029030177296588e-07,0.00044988985352765765
0.05831317185636087,0.05489441766587133,0.0015875609418185726,3.4416661716961286e-05,4.562063630758119e-05,1.564843605744322,2.1566498947430577e-06,1.0310983646760307e-06,0.0006702654301731272,1.2510106806296901,1.065740260010244e-06,5.931375902827253e-07,0.00044503961211615176
0.041788615833416656,0.029442104755302685,0.0024375317909774694,4.812645336868271e-05,5.9262978919822444e-05,2.089636087654109,1.8155770905887177e-06,6.680953630355295e-07,0.0004768435959565993,0.6839720469028028,8.34079114841614e-07,6.026006330335919e-07,0.0003440228180241736
0.024015714591535967,0.02092907114655107,0.0014068611586495598,1.2889980836288543e-05,3.602534207340766e-05,4.297346328151189,9.534285093044215e-07,1.371567874303302e-07,0.00023266743553228796,3.696877360402399,5.086938710889853e-07,9.661001358066508e-08,0.00016812305097980442
0.0829749729747352,0.05175567213259345,0.002742447174112484,5.903041257102206e-05,3.1225471040459743e-05,1.4610997725243782,1.935939680042542e-06,1.0260418970605364e-06,0.0006660558503337099,0.5262152689115235,7.952978287506169e-07,6.170897288058055e-07,0.00047663389271483577
0.03134260520208047,0.02341056067994581,0.0022063835075091186,4.0527677912699724e-05,1.441533184085217e-05,1.3111206124348305,1.6904565807493588e-06,9.147023559214834e-07,0.000544077814507059,1.0970874978445564,8.873977770983347e-07,5.646290265145227e-07,0.00038943833981521544
0.05242101294869904,0.03467801837293402,0.0028047092394938543,5.86482184576662e-05,4.876406055359133e-06,0.4343654196688442,1.5332823100252621e-06,1.2676179845241e-06,0.0006936407335497169,0.7722678618855827,8.277619775671637e-07,5.91792473324825e-07,0.0004890889889310304
0.09121755088924904,0.054941117141762086,0.0027744104653291413,4.0257175759133014e-05,4.892046524881937e-06,1.753189772845367,1.7521826951821222e-06,8.124006983209779e-07,0.0005910159637877054,0.7125565112745939,7.283349074443959e-07,5.15552448632869e-07,0.00042504745592630687
0.08277657164639513,0.05998910312705272,0.002347242842268335,4.06149696598757e-05,2.470103661162949e-05,1.0424206649506027,1.8500506476420587e-06,1.1324826416615808e-06,0.0005974098248257717,1.2012137928513524,9.090063588631994e-07,5.522376732911294e-07,0.0004278765275493667
0.03577435026273558,0.035466395935900855,0.002760077074187125,4.8623712822541673e-05,3.6037770096815846e-05,1.2799388188077643,1.7293272560689708e-06,9.806152377258523e-07,0.0006391667554769724,0.8451144572130403,7.991808103261317e-07,5.53036908044974e-07,0.0004362082215033178
0.0472702803227807,0.030127372266106067,0.001896109178731733,9.802727113505848e-06,1.0356944649837507e-05,4.970768350537574,8.397939920318533e-07,9.676769902430127e-08,0.0001428819643957371,4.123845210649411,4.410871904875869e-07,7.311125879728306e-08,0.00015415855692133476
0.022998820035930807,0.020658866986528426,0.0014088950445767191,3.6034546101856845e-05,2.4197723222386952e-05,1.7242189169698843,1.6966223162039245e-06,7.669858525141371e-07,0.0005570370877307573,1.0194226318616468,9.088980347846481e-07,5.69479157295027e-07,0.0004285010480359386
0.034879225725015076,0.028003055054522146,0.0022701572001249527,5.8260638922663353e-05,1.9430160795837e-05,0.8863365801800583,1.8823021803118564e-06,1.299275687830161e-06,0.0005945487929009642,0.6894942289491658,9.187881873466948e-07,6.881817258959749e-07,0.0004323522510578058
0.062296178418212694,0.05583150321732487,0.001386386611488672,5.970821058265997e-05,1.743649674360472e-05,1.0112351369602224,2.4959191909171453e-06,1.5779800339537e-06,0.0008099286708710322,0.6338229787841334,1.1891579216347058e-06,8.911901673318718e-07,0.0005973998846613147
0.03489547529635183,0.02995224448422951,0.0015303759329053663,3.130146433070759e-05,3.078678240759713e-05,1.465023272198711,1.63233801732848e-06,8.10306096252912e-07,0.00046822630675166994,1.493218307463713,9.642653108217683e-07,5.101450715592409e-07,0.00038200023802417943
0.05098495435429491,0.0395387824146233,0.0029290666841695757,4.310457489541518e-05,5.516141385820973e-05,1.5235084996518373,1.7788933803738695e-06,8.978618641464406e-07,0.0006537853362842599,0.8185699828771085,7.27531997174626e-07,5.061550374359227e-07,0.0004398275385694198
0.03450141769571511,0.029001477174416822,0.0026038072332945,6.960781526946165e-06,2.6047883385411804e-05,4.67899117066141,5.832679983586983e-07,6.095781424590425e-08,9.135570932583281e-05,5.463503082041486,3.260602677155021e-07,2.4745426858309058e-08,0.0001499638374113008
0.073294466149038,0.06472594196500034,0.0023391650256289575,2.4650174441882766e-05,3.7161459865531375e-05,1.7711559788419131,1.4962977214690166e-06,6.552656724553656e-07,0.000454383725260597,1.6554651471697557,7.774528026252523e-07,3.6132164941330434e-07,0.0003464594282473679
0.03223607053921149,0.03130963126859482,0.00291436122114016,2.422727528405658e-05,1.1885162927445165e-05,2.0370015099437024,1.4052546048681164e-06,5.667005548512648e-07,0.00044732496230758337,1.770851899598915,6.064792103288092e-07,2.7783830572614223e-07,0.00028926465080024785
0.052915789177969505,0.025209811858149547,0.0028035239877015174,3.177157958353072e-05,1.11623520167098e-05,0.931799720375091,1.3449407559378893e-06,8.923557183935914e-07,0.0005511534869205687,1.265725165381641,7.015541886326006e-07,4.044813852751949e-07,0.00037063700647662446
0.05281487044280199,0.03376442045624699,0.0024938812610467544,4.353932192911092e-05,3.4235749098565045e-05,0.8823674176211014,1.7694613612475497e-06,1.1563432195659205e-06,0.00045967840227027773,0.8780934263263913,8.534342365524496e-07,5.612380663018786e-07,0.0003210492604956896
0.05538080425051685,0.03724059052309644,0.0023702733371084896,5.616666200015473e-05,2.3922136689811118e-05,1.8139240515759578,1.931726290806172e-06,8.250821570883006e-07,0.0006181592485596462,0.6850799045601108,9.039384762247742e-07,6.566328406827154e-07,0.0004237428443716517
0.0708866713072217,0.03619127354974479,0.0015895665888920225,3.0001347463130743e-05,1.3718447836316338e-05,1.7867648912757828,1.8126197305199626e-06,7.935313396191696e-07,0.0006347648255435548,1.541139617284134,1.0210003490448681e-06,5.028736656174306e-07,0.0004934339595716425
0.06637817142235165,0.03038585470356957,0.0024410965777900435,5.74019572061009e-05,3.338002890151363e-05,0.6252795250922697,1.937454547247201e-06,1.4381904980443918e-06,0.0005255025616186505,0.8461244448655244,9.423833293716363e-07,6.332192286953539e-07,0.0003985746864752183
0.07696698663976359,0.04917535458231759,0.00292816992022863,5.100282687459106e-05,3.622764953737095e-05,0.6215587191863121,1.8189697467059723e-06,1.3779395227507473e-06,0.0006895619438806041,0.5149008395584865,7.22485446348654e-07,5.599089340593521e-07,0.0004754781296043956
0.0540958147892764,0.03541304455278542,0.0013700517241654261,3.3720379067976284e-05,3.5279654190928424e-05,1.8410624271969116,2.18819457151405e-06,9.629905111431273e-07,0.0006224118347256854,1.3587568682965487,1.0945115005550345e-06,5.994862128507049e-07,0.00044262877473567853
0.09932057646563432,0.03252460501524617,0.0017548599695113506,4.196622870742885e-05,1.9150713946142417e-05,1.3780665351965549,2.359447380650192e-06,1.230035176127468e-06,0.0007638465583242758,0.9948574050912661,1.0979987145140445e-06,6.877260657975029e-07,0.0005076998142027688
0.029892998978597547,0.024672696370360375,0.0020407247874543767,2.045023342672229e-05,1.114805814523087e-05,3.2920687219485,1.2922823996593746e-06,2.934919367132079e-07,0.0003923478245837014,2.1309362827818825,6.733241011412285e-07,2.578398022216171e-07,0.00029039938409478543
0.042649718493275125,0.03385615140453385,0.0017022561117128665,5.613763713736493e-05,2.958565190520486e-05,1.1113291804705863,2.0109536956272518e-06,1.23006079898211e-06,0.0005609818437520483,0.8181479244222765,1.124590981858459e-06,7.846787911439828e-07,0.0004552937487311736
0.042549417597860906,0.03210191725563531,0.001745697961248631,2.8750914965449327e-05,8.433352202431355e-06,1.8686132144496124,1.6093850406760637e-06,7.125710321865003e-07,0.00039064046140678457,1.5761862670722655,8.990338863559574e-07,4.5377264458562596e-07,0.00030578945752548375
0.04508825031403485,0.02642100683271175,0.002884560759058064,5.9551727306000025e-05,4.0070157450448825e-05,0.055962303134581594,1.4235941676759987e-06,1.388688619723372e-06,0.0007066086575969621,0.7621955629055046,8.069706134034796e-07,5.767653830049522e-07,0.0004956609485798716
0.020741788052682678,0.020632885699622665,0.0026412547590407226,2.6339656860132953e-05,2.6916660191344536e-05,1.7206563555762644,1.2591259181317273e-06,5.480510467932929e-07,0.0004072127019808905,1.3653093353116665,5.921805649414405e-07,3.050581437892324e-07,0.000277961402236434
0.06776565024364144,0.06150582437434124,0.0015101566439393495,1.310830693719657e-05,5.148567452509947e-05,3.790601346281097,1.2950697575860993e-06,2.3664287090272903e-07,0.00031876997308387405,3.2531257236478566,7.369960817984348e-07,1.7085496268642473e-07,0.0002506245635893726
0.07719406964655552,0.07145369685680404,0.001718975403620516,2.052046202923025e-05,3.9001265028111824e-05,2.472942218816059,1.5767634983914006e-06,4.921577709701276e-07,0.0004529294382726413,2.3170318446647826,8.693598592178763e-07,3.2902711470020724e-07,0.0003339245880057316
0.02567404178289273,0.02315904179770872,0.0013643867252295411,3.030295876986601e-05,4.884160566635474e-05,1.2589006035771317,1.8957797992972647e-06,1.088113574387687e-06,0.0007384451527396571,0.09883523514757564,7.830608403420051e-07,7.497587205084853e-07,0.0007445990448002627
0.029998633541371583,0.025256508847862295,0.0023595304723183414,5.005905905316392e-05,2.1812958912344793e-05,0.9966596552125276,1.7729400254342215e-06,1.1600076370413792e-06,0.0004725026005189056,0.7116991927141902,8.558749327793003e-07,6.117827878144539e-07,0.00034370877628158325
0.06372178144555071,0.050681452116262425,0.001905942429458945,6.164150344188019e-06,5.586966302623149e-05,5.307254146950102,5.847972493077364e-07,4.535245497330579e-08,9.06300937591962e-05,5.023368000655125,2.8218416405394135e-07,2.5515101891324773e-08,0.00016577901408151518
0.04128715738354969,0.03785620400331674,0.0027696666249889734,2.9091054710862495e-05,4.365593532010941e-05,1.7810991320311635,1.542867596115597e-06,7.031638253468963e-07,0.0005067738335402105,1.4372203324561588,6.849787266908506e-07,3.673116790633931e-07,0.00032672759624344466
0.05567035306017287,0.03673655806183489,0.0019489985217225805,2.1865438832781363e-05,2.731274139437874e-05,2.1324788259834486,1.4232232618244834e-06,5.018675067512838e-07,0.00040586333085718883,1.6619844314331536,7.118991191313784e-07,3.15750443313054e-07,0.00031119845262578846
0.09255371765580073,0.054069791670940164,0.002094174777119671,5.168350696170483e-05,4.272235243704375e-05,0.8928639747526058,2.257549696665589e-06,1.502988618427868e-06,0.000842785794642107,0.8869614270153384,1.0443787972991176e-06,6.98096084484846e-07,0.0005737877965190757
0.07977060626815466,0.060144153358983606,0.0022451334384914552,3.482758366361616e-05,1.958184410685074e-05,1.307824485168818,1.7981943877345703e-06,9.811345867641263e-07,0.0006083428491438353,1.207110105184945,9.075460829951633e-07,5.210354128190229e-07,0.0004600649386266164
0.08553938230047939,0.08438213856025431,0.0029043697238915257,2.548570737919707e-06,2.792666743716976e-05,3.1408680488307605,6.118395823715487e-07,1.460869101467382e-07,0.00030464413290578617,7.342337637498054,9.79674202518348e-07,3.466871413799608e-08,0.00014922482624592806
0.09645857162861202,0.06924638512909342,0.001899375012669225,3.385114592261444e-06,4.124375011180559e-05,1.7190905586576617,1.411560647878846e-06,6.45561275794464e-07,0.0006723132523960156,5.054287170660949,6.35603923196377e-07,6.371684657575012e-08,0.0002702339050084899
0.08683213112389503,0.06654540414220951,0.002562059253064676,1.7924501197591598e-05,3.9887423973954895e-05,2.7692492618433797,1.4005695957461324e-06,4.349274101628967e-07,0.0003137581940146951,2.381655342652131,6.210127596997122e-07,2.286504681575976e-07,0.00020027493257521463
0.09722918228349413,0.08287142308696631,0.0014158466829918288,4.421345758967438e-05,3.816856688940013e-05,1.3204158630505392,2.5395651994190584e-06,1.3380696422269262e-06,0.0006791067390576525,0.7819350009002459,1.104093059396036e-06,7.864967554097094e-07,0.0004627423441052066
0.08224391300937872,0.06335488376669378,0.0023206412757516203,3.722275912044201e-05,5.8349953254234364e-05,1.1563146234076036,1.8048825166450651e-06,1.0520935793128348e-06,0.000605659069605762,1.117074965852742,8.914186421433783e-07,5.320808614348526e-07,0.0004477368397723688
0.06961955820546496,0.06355524147012268,0.0014664281425454534,5.0487639222058396e-05,2.0712216760075625e-05,1.0295364406925194,2.4079515498175456e-06,1.497455141633987e-06,0.0008349445400838998,0.7508067271579918,1.1328865754396852e-06,8.3243758295808e-07,0.0005898005539282186
0.059967402753432264,0.05808159306984402,0.0023058863505585206,5.052349595623959e-05,1.9291639381375192e-05,1.564865699518139,1.9113693089974415e-06,9.228696577944128e-07,0.0006396490719316066,0.8219000689586875,9.391437063877543e-07,6.415788200110902e-07,0.0004466198827402723
0.06630846674760818,0.06497239814081261,0.0026271234866295304,2.85224090712218e-05,1.8095703425215854e-05,1.3931124399615282,1.2637281756600802e-06,6.91814452560448e-07,0.0004141008754606463,1.5037262038122052,7.325075829522811e-07,3.868771666489518e-07,0.00029962718058706083
0.05562458459897892,0.05163421834167533,0.0015223105147899527,2.3391725491373015e-05,3.572244891124785e-05,2.30876132769596,1.6253483008092665e-06,5.64990914181921e-07,0.0005038929491639133,1.800880082549966,8.882167207599458e-07,3.9059148294499626e-07,0.0003641027547244986
0.08048604007021483,0.06318615821047008,0.0017051071885593517,4.3320061469636996e-05,2.7397673391316682e-05,1.258645586463399,2.291880411618577e-06,1.3375669880857593e-06,0.0006836415016560715,1.0330105326915735,1.108601365501887e-06,7.136583452466728e-07,0.0004596665743857267
0.06654937407136596,0.055050435081652596,0.0025135418181534237,2.3546821624003667e-05,1.4672573528110542e-05,1.8546880852348246,1.497758047094413e-06,6.18621057239338e-07,0.000348060577251126,2.0393640582024384,7.046594995073657e-07,2.9692172636460163e-07,0.00025428378923778163
0.07539308530224567,0.054868013016431454,0.001778682333998447,1.6109092422276756e-05,2.4427699478345598e-05,2.936866420498455,1.3147475783370042e-06,3.2895514544664764e-07,0.0003317570195636331,2.9443475998152633,7.574863741441312e-07,2.1750971130585238e-07,0.00026266581580525894
0.09871185613001515,0.05948591562259521,0.002117556642324804,1.5799095917940615e-05,2.9788699969329816e-05,2.9610532777190777,1.3358163697871866e-06,3.575893033003757e-07,0.00037065454776073227,2.424590660841598,6.591900112971995e-07,2.2234600642357237e-07,0.00027492815608700245
0.06680957089437821,0.05331242637711032,0.002774346273061902,8.44160778397318e-06,1.925382393660748e-05,5.015947439815804,8.225760035949757e-07,9.503592154123172e-08,0.00013306516979803506,5.220244729774522,3.6420497017546e-07,3.8686723927154385e-08,0.00012905570722152854
0.08948047695615395,0.07226613809978617,0.001879417595553754,2.2642446664935366e-05,2.9438156731332358e-05,2.3080580812229288,1.6051539077815879e-06,5.908050909225048e-07,0.0003599526325959138,2.0512181392094173,8.587378803169793e-07,3.5527659851705753e-07,0.00027381487818811684
0.059899256636980036,0.051624458341424304,0.002594990911577258,5.91325229928018e-05,2.6265001598009556e-05,0.8891737911882448,1.921466332717195e-06,1.25321476328864e-06,0.0005854232179972898,0.7828369906315317,8.98137042292261e-07,6.437209514976221e-07,0.00041486928746753003
0.050039574465010235,0.050009432124097176,0.002805043506479728,2.2920741222639864e-05,5.027573049978444e-06,1.840190094155861,1.2923481235859787e-06,5.765771729860022e-07,0.0004315822596403011,1.812405187114663,6.217778193114852e-07,2.827920800120044e-07,0.00028903021054850443
0.08059158649094475,0.050928227421681654,0.0019250794091364557,5.119830249741245e-05,5.5415585921909044e-06,1.0534154599230932,2.294762195334557e-06,1.4375541937605015e-06,0.0007469529275199761,1.0094637948157101,1.0975044395175606e-06,7.031800605600992e-07,0.000519752759951477
0.0767330495393263,0.059153405589615626,0.0023739620627379523,2.609628919781151e-05,5.6215753072494605e-05,1.4230436335629386,1.363616633688817e-06,6.997942604501925e-07,0.00046018075559139834,1.544789517180519,7.78686697829712e-07,3.798288879619552e-07,0.0003450726500901163
0.07219774388511274,0.06266013166043041,0.002978498362725603,2.6288262838645427e-05,5.053771376598766e-05,1.6935780332945747,1.6072743293704924e-06,7.525702198702153e-07,0.0005233349202792498,1.1559996105743087,6.111594937470441e-07,3.4489715891658064e-07,0.0003367731855376644
0.0787542048373163,0.07517703551157702,0.00227997693921866,4.560791286508712e-05,9.445881026221162e-06,0.8134721141030891,1.8134039478105206e-06,1.242932866444129e-06,0.0006568788238084637,0.9224910472631634,9.485252537808037e-07,6.192032526931627e-07,0.0005014096869630533
0.07852314106095129,0.06356366884814584,0.0021965241932258616,3.504011492202602e-05,4.424588186307039e-05,1.059583412462271,1.6168871684054122e-06,9.932234729613054e-07,0.0006186520427473046,1.2028962858171868,9.198216799573325e-07,5.309965067936043e-07,0.00047457662139015037
0.0895506722383895,0.08017338244217528,0.0018874963184186326,5.9548582284660653e-05,1.6836723654788307e-05,1.3770403409554985,2.36655934571693e-06,1.289696545390072e-06,0.0007194628026095426,0.8272766430827821,1.1102257743587956e-06,7.710782403878011e-07,0.000504069937007892
0.08106957537719398,0.07367447017216802,0.0026394147177796865,2.5853548877093117e-05,5.853699910786815e-05,1.8037039561682824,1.5347754635828147e-06,7.091576858447337e-07,0.0004032813898560816,1.6467541353640873,7.086756367414624e-07,3.5181053564986714e-07,0.00028597663306700974
0.0979011211552409,0.07169891709290993,0.0018684986820697177,3.907498831296206e-05,2.506740381687287e-05,1.4293731221639394,2.272070709474567e-06,1.1451371780151655e-06,0.0005785395808238602,0.9062193285276182,9.510221721436979e-07,6.175922937747253e-07,0.0003804935898467079
0.06259628917018314,0.05287804881871904,0.0013416487276731884,4.451357069651171e-05,5.849161857591439e-05,1.274012941552631,2.5686406892019678e-06,1.3712068552877605e-06,0.0006245849728287382,0.6451683633215579,1.0240569859561128e-06,7.70103803697131e-07,0.00046388808294975424
0.09496806392950605,0.0845716749395682,0.0023630254649182857,1.8068738643765683e-05,2.1211044599695967e-05,2.622771164778211,1.453385970413694e-06,4.3125288804855256e-07,0.0004151359750833317,2.419568240240204,6.618996753341915e-07,2.452944007693577e-07,0.00027740624415677467
0.09420584813212796,0.06303614369021923,0.0026247282359896018,4.0903806738308336e-05,5.2093941182693885e-05,1.3156992628629096,1.8054311934534947e-06,1.02600750335589e-06,0.0004966208477705586,0.7495785414908428,7.777006120329587e-07,5.443925206080623e-07,0.0003670870094448614
0.05054096688380891,0.05008658481513524,0.0024965106426216377,4.548118885422813e-05,1.9685319889188498e-05,0.8450209409906728,1.7808838803947095e-06,1.1860661239803267e-06,0.0004574964766284688,0.7173180623361894,8.084366911343565e-07,5.739750832834786e-07,0.0003309732506282902
0.07780221964816503,0.05423358528055259,0.0019001524295129205,4.5837096185451776e-05,1.272288411280965e-05,0.9548765762791775,1.9689028891098793e-06,1.2922290295014484e-06,0.0006104607690300672,0.960484190413733,1.067260473185424e-06,7.001022677831315e-07,0.00047466381857060204
0.08545660839413163,0.05433094153702299,0.001981139622085161,2.4912020441172512e-05,3.283246418371223e-05,2.0870353571782276,1.6603448263405396e-06,6.588636105955604e-07,0.0004885506512114383,1.7290571697971184,8.782203934847953e-07,4.1125493350703486e-07,0.00036898369532746496
0.08515444619848231,0.08170845720807164,0.002011443520682292,4.7643481782063826e-05,9.472804960618642e-06,1.5955646276043967,2.2472099635953677e-06,1.1026964326203765e-06,0.0007896143981498141,1.0099520758116698,1.0572191356839137e-06,6.75199189602326e-07,0.000544660919898728
0.07781611101682566,0.054397383167589394,0.0016341149173830685,3.955569982948801e-05,5.326009542861398e-06,1.3645813153186923,2.257355126900675e-06,1.269583381372046e-06,0.0007394881793257962,1.1139835597450851,1.0918465571379026e-06,6.835181523584397e-07,0.0005001003483580174
0.0670149499944511,0.064182014762121,0.002622192148169986,3.2833035038278094e-05,3.600329794071266e-05,1.126561659172098,1.3251976422351734e-06,8.14617796419784e-07,0.00045581309320577237,1.2989398626943782,7.692253685027721e-07,4.427439945574555e-07,0.00033102959569813876
0.07940790776766338,0.06063070559577355,0.0023698661740558747,1.1182648539751586e-05,2.6526550068492193e-05,3.7146233395238446,9.514019998751808e-07,1.7247796714315265e-07,0.00023577771993448752,3.355253405741972,5.077609880283344e-07,1.0838470107839584e-07,0.00017863446613642582
0.06837785207926446,0.05332203032753806,0.0013723843731103318,5.44532378279788e-05,4.618874017771652e-05,1.0449009569098437,2.6071641190223208e-06,1.5577831367275534e-06,0.0007402935952252629,0.6562956118354721,1.1780846353091908e-06,8.823409409872407e-07,0.0005019633942301789
0.07842823201656318,0.05154679837740503,0.001976352400713134,1.4263451442461762e-05,2.4873450342162132e-05,3.451941269722682,1.2320262676526003e-06,2.7351215251699295e-07,0.0002789706320687698,3.238708694244991,6.720052632851962e-07,1.6431196038729548e-07,0.0001954228621028419
0.05333437880805192,0.05229011023228712,0.0023153198111991705,3.1363564929800976e-05,2.1032206157232918e-05,1.7507562725074841,1.6285649235826887e-06,7.190704204003284e-07,0.0005243315961568373,1.1148688344384454,7.597424208345817e-07,4.534782792816203e-07,0.0003563530528800588
0.09945003088851753,0.06217324582845731,0.0026759248873645487,5.179776260306218e-05,1.982830263012832e-05,1.7242426343221993,1.7510828750687485e-06,8.267363398279284e-07,0.0005817189580760976,0.5695596599829622,7.953510659807085e-07,6.050701101821265e-07,0.00043284212337101134
0.060157670057765116,0.05837963222354864,0.002374374145607705,4.528683487903854e-05,3.136919267343938e-05,0.870836819901363,1.8277538992647391e-06,1.2104312366044487e-06,0.000552282551914582,0.897945363792749,9.110301056842708e-07,5.976243650796564e-07,0.0003920726251675378
0.056734698996614125,0.05079426395572231,0.0020631105390792777,4.377457275024992e-05,3.131289117294381e-05,1.3264123138022823,1.882613551960095e-06,1.03046929249955e-06,0.0006665078041057167,0.7873496554899977,9.117541828100514e-07,6.403521601399908e-07,0.0004969525781761632
0.07385285141598937,0.0676605117899005,0.0017073766577063647,2.8881769079143747e-05,5.776095604440066e-05,1.9232726494259051,2.046468260290352e-06,8.221543965934094e-07,0.0005995953440630541,1.63559956800357,9.909272313667965e-07,4.972726600491953e-07,0.00040642238055572444
0.0795815028649826,0.0780433325875092,0.002250151785733135,4.5020696082249945e-05,5.841489790922269e-06,0.8764596790453374,1.702921305842212e-06,1.1374334778100596e-06,0.0006908962174548007,1.0196504678754974,9.614911007912951e-07,6.033936628717478e-07,0.0005252715300033419
0.05805158554447363,0.05332334507972356,0.0018149294646154575,4.856196094870672e-05,5.201165286095974e-05,0.9466031378936041,2.267061839785415e-06,1.4253079150380989e-06,0.0006179183207905419,0.7303186475895762,1.0005747639005392e-06,7.015190902489036e-07,0.0004464474723872355
0.08606786871239294,0.06287853127997856,0.0018986016964704102,3.309117204962577e-05,5.034676893007945e-05,1.6631050345387366,2.106871654303701e-06,1.0174576129294314e-06,0.0005627667486538433,1.396810185686405,9.929966991402552e-07,5.410543848952286e-07,0.00038888795969298153
0.09137654161885436,0.07873845962640535,0.0020305774321633554,3.4781180492760045e-05,5.090651230251333e-05,1.366989465314827,1.845922409025657e-06,1.0005051584536787e-06,0.0006219125058616092,1.2217598410214119,9.604112394262121e-07,5.568077205210161e-07,0.00047613702380942623
0.08985437179277866,0.07864739563755427,0.0019848394671711355,2.1325649419408322e-05,5.730436037321094e-05,2.5681325288803083,1.553939431276768e-06,5.021187350014829e-07,0.0004249844580117142,1.9758467816425815,8.192337705206926e-07,3.450169056642914e-07,0.000320137751043424
0.06609270587121836,0.059654208121667995,0.0029623072734119814,5.8631690508701306e-05,3.5817536078347226e-05,0.946895490622477,1.8654168014852874e-06,1.221964150698353e-06,0.0007191336171956933,0.5248949714580016,7.293707318262141e-07,5.760129287827631e-07,0.0004929952189225034
0.0672019056365478,0.05833332948852456,0.002190102207859767,3.8710848273800005e-05,1.761430847895951e-05,1.4166961849290491,2.042529477581811e-06,1.0685729074188098e-06,0.0007339967825989581,1.211059225304462,9.516512222448365e-07,5.49417754464591e-07,0.0004859160774533601
0.09161738945237552,0.07506577135725057,0.0015605366284741527,1.7473835955865908e-05,5.414598128190542e-05,2.8954991065481255,1.5864131909225489e-06,4.318853542567671e-07,0.0004527902969988488,2.4718658792442256,9.006322358142866e-07,2.974153675091952e-07,0.0003375000321146407
0.0595073075002258,0.05292985678093846,0.0024903815326627827,1.3124576220155172e-05,4.451447896147936e-05,3.262008255838946,1.0433256860939089e-06,2.2500815125830523e-07,0.00022886751732078338,2.8881488148083543,5.274707567135017e-07,1.3598598468160512e-07,0.00015902294107937758
0.09681453832343212,0.08860045452133591,0.0014958680399321475,2.5183614429513862e-05,8.19037648841981e-06,2.1486614763456457,1.9073282917402917e-06,7.294943322803363e-07,0.0005205735210781266,1.6117285875495615,1.009946728200596e-06,4.920152236636695e-07,0.0004201279511421779
0.0697328871857189,0.05033158989334416,0.0026648969407740463,1.3575082057749499e-05,4.098928814615468e-05,3.6617326588923627,1.1686805131466606e-06,2.418011564545661e-07,0.00021451421785175363,3.1694012888082996,5.186948970968913e-07,1.3539278195325932e-07,0.00015327737033204262
0.05785336523496761,0.050664588689390194,0.00261593152262907,4.9115106277171186e-05,4.103871601049133e-05,0.9732944095200788,1.8096318675322159e-06,1.1316676166110034e-06,0.0005736958451629639,0.8684520548529796,8.524937122690507e-07,5.883940077507407e-07,0.00040289542860222886
0.09746163351690108,0.08906346044892183,0.0015312207388201219,3.665369343867421e-05,3.719386405043078e-06,1.4514374266981374,2.3829267712132667e-06,1.229978409110055e-06,0.0008371973899745972,0.8764952630208795,1.014126426942569e-06,6.849853194953368e-07,0.0005761789275267932
0.07505795789234435,0.06306236949997406,0.002902147710257205,3.926727268595386e-05,1.5956620786054853e-05,0.9355744559082246,1.7046480461467338e-06,1.1232853874377123e-06,0.0006216031745039717,0.712664632152144,6.921798964936271e-07,4.871614305731002e-07,0.00043126008045853533
0.06935799741773117,0.05502548373974988,0.002644626713357961,4.911002549581768e-05,5.2335025071389544e-05,0.7820440656912884,1.8254107050190486e-06,1.3025253714653032e-06,0.00058682498435402,0.8751838465730299,8.540922613308148e-07,5.872341170843144e-07,0.00042993293957026523
0.08352469909445881,0.08153824297240492,0.002561868218746062,4.867800261401063e-05,4.95322473222908e-05,1.113150572852387,1.8905212196623801e-06,1.1763764241634976e-06,0.0005076000026432646,0.9083790799219866,8.691667584784739e-07,5.907555960625042e-07,0.00036867732564385745
0.08070626018795507,0.07558632709755499,0.0021540452441757237,1.9390191913947772e-05,2.710518453945488e-05,2.7782547464352216,1.3756608645025139e-06,3.931475456767735e-07,0.0004264403298761439,2.112440971659977,7.409884760484685e-07,2.874713545639921e-07,0.0003224656135510588
0.06347426166978545,0.05804195890922989,0.0019263629781927057,4.404172340634567e-05,2.2973356734151677e-05,1.07031120563014,1.9341604371381337e-06,1.1412795928244126e-06,0.0006277522306761815,0.8243242899720622,9.479938719671857e-07,6.607729868574563e-07,0.00046255920065737334
0.08542687619713549,0.06086525856301256,0.002258072776286966,1.3211274813330857e-05,4.091858347893383e-05,3.4959836813559253,1.2278245347486863e-06,2.5209406822921576e-07,0.0003135890248639742,2.921263787742257,5.850651694744946e-07,1.5566601443204314e-07,0.00022847996157737124
0.0661029630575345,0.06599558568031905,0.0014650272915213403,2.4476954615301894e-05,5.826198745140685e-05,2.4155264430314003,1.96434705340814e-06,6.575813674688634e-07,0.0005854373468136037,1.8215553973364698,9.805175086824118e-07,4.3206072120921543e-07,0.00042213381956793895
0.07768005176261371,0.05446523682136782,0.0014717662481008073,4.442383344118965e-05,4.6511409321445407e-05,1.3109973279902996,2.518145713426843e-06,1.395456933875805e-06,0.0008208196125060604,0.9061458700166799,1.1706120363643198e-06,7.79863722820909e-07,0.0005392962513197276
0.05039971359196956,0.0502939707486239,0.0013708538408407386,2.5316600706053503e-05,4.488090491930602e-05,2.3730143504070127,1.9524056408293556e-06,6.805002704736079e-07,0.0005176035421035372,1.9012041042828773,9.990344917633458e-07,4.3196469337759457e-07,0.00033682279259227737
0.09691764530861699,0.060904935470183094,0.002876211092641184,2.752561765230332e-05,1.1195408945285679e-05,1.2075306036341917,1.4329290880664806e-06,7.912891331292939e-07,0.0005081163482585576,1.095601462644608,6.399578526559857e-07,3.746074416241811e-07,0.0003481881265872501
0.08506076836390304,0.06194140282238682,0.0019917776502289862,5.2049076857465436e-05,4.3229427441695946e-05,1.8019179716933373,2.2920524138716114e-06,1.022010632201586e-06,0.0008039642804794651,0.9319261141424613,1.0913851965824062e-06,7.205925333742982e-07,0.0005578171942673763
0.05790101767123516,0.05767386784415005,0.0015779047504019881,2.3795648061253707e-05,4.4568011370201436e-05,2.245196610910927,1.6335723227477879e-06,5.780849398313134e-07,0.0005111710029308107,1.7600923287442212,8.9670213943911e-07,3.9846804128844953e-07,0.0003654724439283727
0.09801924005405253,0.07780694781395882,0.001837429948907848,3.724727324983895e-05,3.626649851434143e-05,1.336449100384525,2.2725424642287693e-06,1.1960653696664637e-06,0.0005998126227629431,0.877774935288786,9.428608159748873e-07,6.20040501654758e-07,0.00036058830422615784
0.06345708046165417,0.05653796684074679,0.002116632868594791,4.411132455542422e-05,3.626760805547565e-05,1.2021316182879762,1.8814701777653741e-06,1.094287452852751e-06,0.0007061301520956754,0.9784628158343979,9.276343758137909e-07,5.980639486688766e-07,0.000507149786528118
0.0684164182973532,0.06735412352710937,0.002693762437746836,2.2245423500146103e-05,2.361764041299638e-05,2.2105969650730817,1.5111313763641629e-06,5.818403735375677e-07,0.00038533221420978186,1.8989275719942167,6.494172420916204e-07,2.8859167779339444e-07,0.0002668661930547305
0.09663185258462079,0.08275721298608543,0.0019927064448495135,5.5556067908799394e-05,1.85524242844041e-05,1.0003367224095998,2.31726814157638e-06,1.4854422217229803e-06,0.0007964072288361403,0.6775979714399534,1.005389211056007e-06,7.222895266051254e-07,0.0005600357211007648
0.07709924392144576,0.06585825005343908,0.001958973571834078,4.224415807456092e-05,2.3988167725989925e-05,1.0936176043910841,2.1226085717929695e-06,1.30327851116218e-06,0.0007251283047126522,1.1801581760267208,1.0438212477399669e-06,6.187989031841465e-07,0.0005040697724101007
0.07903479083313666,0.05972088189556884,0.00202358820308247,6.3517098948067356e-06,6.890105406397249e-06,5.255396480640851,5.919223331116421e-07,5.916361267903448e-08,9.245049310150906e-05,6.913330077216781,3.831403164177034e-07,1.4650126967872966e-08,0.00016829886237020185
0.06701866739356929,0.06295315656785572,0.0020722278006906287,5.7836445436886954e-05,9.429762425215222e-06,0.8166230723869166,2.0422683843685517e-06,1.4132721338185287e-06,0.0007511420083915791,0.8143931783636521,1.0610922757658763e-06,7.356915781180497e-07,0.0005511046804605822
0.06452509382490818,0.05140922843617046,0.002674321677152756,3.627604040034525e-05,2.2747985059034756e-05,0.7774174952857246,1.4247112487195175e-06,1.0173180910382974e-06,0.0005176898611484455,1.1606811992083503,7.80499743379383e-07,4.745983654632659e-07,0.00037642226025966577
0.07247537569365695,0.06990463036486128,0.0016658521323747125,1.7903033369419662e-05,2.087859547760267e-05,2.8258036104421183,1.4905577255164229e-06,4.0131921574775413e-07,0.0004319499227589759,2.4134061750035576,8.281476545301251e-07,2.702727929901531e-07,0.0003328136211567381
0.08820756828825906,0.06104980903942339,0.00149606614300192,2.5018829898906293e-05,5.2081023139266156e-05,2.375925914321735,2.2212681887472923e-06,7.623981120489653e-07,0.0006264632298014705,1.6750110677862775,1.035651120828218e-06,4.900343172756781e-07,0.0004404511777996749
0.06743769638634067,0.05861602633923736,0.0021517396971192032,3.0704976763197156e-05,5.610401631158205e-05,1.5204451478717174,1.6519699499121445e-06,8.269903995563523e-07,0.0005757696173848132,1.4226498689490574,8.670867111235381e-07,4.5586328123522385e-07,0.0004095135269653539
0.06087593313021364,0.05759302931982929,0.002912436873976343,3.9527741016881e-05,1.0165738230503285e-05,2.065524196128727,1.6924268303840649e-06,6.723402290267959e-07,0.0006181291576697554,0.9076695400802447,7.233773116434813e-07,4.842653919915224e-07,0.0004299883848632135
0.08666078992767907,0.07922641773650907,0.0022820595028434877,8.58646950254858e-06,1.465648674644956e-05,4.9947973058221535,9.168595894170323e-07,9.487178039743998e-08,0.00018437957555742326,4.25797897041555,4.429954416540959e-07,6.436020295312935e-08,0.00015208317774865774
0.06554654067063571,0.052471766526661245,0.0017562009452451208,2.7130287612821844e-05,4.1462999246906e-05,1.839670758722,1.6958310238635953e-06,7.030644748210635e-07,0.0004558013682633435,1.593788085083285,9.513508302471485e-07,4.4577205711066845e-07,0.00035114250642570224
0.05340901534821593,0.05118381882830993,0.0018140637408669167,4.113005327516977e-05,2.273579673255258e-05,1.7029833533965026,1.8363883635317213e-06,8.698428758669504e-07,0.0004963762785689279,0.9074408757266542,9.493371296407346e-07,6.135558575859611e-07,0.0004099270261568612
0.06960658587098606,0.06126212518384632,0.0022064123433959194,3.84662944581048e-05,1.7991742685416765e-05,1.325220803173518,1.7876690726163273e-06,9.756716842925838e-07,0.0006550654676665283,1.1695684024311244,9.332970379544188e-07,5.490581442954698e-07,0.00047745744982069895
0.06846251047777642,0.057456062889164154,0.0024463203089288175,5.8898353071116246e-05,2.5541175141446835e-05,0.6667353430239998,1.9557603521779457e-06,1.4221484374147092e-06,0.0005306323985106408,0.9253672690602762,9.492441444472081e-07,6.419691479932136e-07,0.0003990435080662573
0.09262837663783838,0.09101760070620275,0.0021981885039444684,3.09720967710642e-05,2.181157789983982e-05,1.4721925207991795,1.7400042137961049e-06,8.855576621847112e-07,0.0006144465592875188,1.338343727148737,8.789880485346202e-07,4.780484639366601e-07,0.00044946632808612867
0.09697801794958412,0.0914228919466059,0.001879003207626615,4.113997121349341e-05,3.0951158229397143e-05,1.070822406093966,1.9937482391694526e-06,1.1881011714435918e-06,0.0005137188093793015,0.7761927028500879,9.621679132325527e-07,6.621824447528249e-07,0.0004266419197010804
0.097219765659191,0.09362826821615028,0.0015570526635280584,5.546478704921365e-05,3.8598917217671625e-05,0.9849923643563795,2.598987295001552e-06,1.6525281656825322e-06,0.0009427522700642945,0.7826039573360034,1.198997573801931e-06,8.381574591263225e-07,0.0006551067571464896
0.09218342738645309,0.09122058332663947,0.002595709871864194,3.0371251323623968e-05,6.496767718910078e-06,1.4719578637843482,1.6360011002909408e-06,8.722190567932057e-07,0.0004169011748508151,1.1813453283996211,7.242226016349822e-07,4.143455747816163e-07,0.0002953766068340215
0.09084565131462428,0.09031844937317157,0.0014509669250786286,5.9021774392874085e-06,2.8461874374198643e-05,6.64875504359879,1.017934744859939e-06,5.634849192196575e-08,0.00016409403885294364,6.974790876742038,5.720514258309278e-07,2.225945099768438e-08,0.00028163097638856836
0.09702087691361479,0.09194775773955371,0.0028112932951463634,1.209915164528607e-05,5.918800596911901e-05,3.6128575403112344,1.1286998394460304e-06,2.373775248640573e-07,0.0002317879193831696,2.564022332569963,4.595716174718404e-07,1.3356483899830796e-07,0.00016007825782172327
